date,SPY,^GSPC,^VIX
2020-01-02,305.0583801269531,3257.85009765625,12.470000267028809
2020-01-03,302.7484436035156,3234.85009765625,14.020000457763672
2020-01-06,303.9034423828125,3246.280029296875,13.850000381469727
2020-01-07,303.0489196777344,3237.179931640625,13.789999961853027
2020-01-08,304.6640625,3253.050048828125,13.449999809265137
2020-01-09,306.7298583984375,3274.699951171875,12.539999961853027
2020-01-10,305.8472595214844,3265.35009765625,12.5600004196167
2020-01-13,307.9506530761719,3288.1298828125,12.319999694824219
2020-01-14,307.48101806640625,3283.14990234375,12.390000343322754
2020-01-15,308.17596435546875,3289.2900390625,12.420000076293945
2020-01-16,310.7394714355469,3316.81005859375,12.319999694824219
2020-01-17,311.70672607421875,3329.6201171875,12.100000381469727
2020-01-21,311.0963134765625,3320.7900390625,12.850000381469727
2020-01-22,311.1338806152344,3321.75,12.90999984741211
2020-01-23,311.4906921386719,3325.5400390625,12.979999542236328
2020-01-24,308.7206726074219,3295.469970703125,14.5600004196167
2020-01-27,303.7719421386719,3243.6298828125,18.229999542236328
2020-01-28,306.95526123046875,3276.239990234375,16.280000686645508
2020-01-29,306.7016906738281,3273.39990234375,16.389999389648438
2020-01-30,307.69708251953125,3283.659912109375,15.489999771118164
2020-01-31,302.1099548339844,3225.52001953125,18.84000015258789
2020-02-03,304.3541259765625,3248.919921875,17.969999313354492
2020-02-04,308.9928894042969,3297.590087890625,16.049999237060547
2020-02-05,312.5611267089844,3334.68994140625,15.149999618530273
2020-02-06,313.6128845214844,3345.780029296875,14.960000038146973
2020-02-07,311.94140625,3327.7099609375,15.470000267028809
2020-02-10,314.27020263671875,3352.090087890625,15.039999961853027
2020-02-11,314.8148498535156,3357.75,15.180000305175781
2020-02-12,316.8431091308594,3379.449951171875,13.739999771118164
2020-02-13,316.5050354003906,3373.93994140625,14.149999618530273
2020-02-14,317.0120849609375,3380.159912109375,13.680000305175781
2020-02-18,316.1951599121094,3370.2900390625,14.829999923706055
2020-02-19,317.7070007324219,3386.14990234375,14.380000114440918
2020-02-20,316.4017028808594,3373.22998046875,15.5600004196167
2020-02-21,313.143310546875,3337.75,17.079999923706055
2020-02-24,302.7578430175781,3225.889892578125,25.030000686645508
2020-02-25,293.58367919921875,3128.2099609375,27.850000381469727
2020-02-26,292.5036926269531,3116.389892578125,27.559999465942383
2020-02-27,279.366943359375,2978.760009765625,39.15999984741211
2020-02-28,278.1931457519531,2954.219970703125,40.11000061035156
2020-03-02,290.24072265625,3090.22998046875,33.41999816894531
2020-03-03,281.9304504394531,3003.3701171875,36.81999969482422
2020-03-04,293.78082275390625,3130.1201171875,31.989999771118164
2020-03-05,284.0151062011719,3023.93994140625,39.619998931884766
2020-03-06,279.3199157714844,2972.3701171875,41.939998626708984
2020-03-09,257.50653076171875,2746.56005859375,54.459999084472656
2020-03-10,270.8312683105469,2882.22998046875,47.29999923706055
2020-03-11,257.628662109375,2741.3798828125,53.900001525878906
2020-03-12,232.9794921875,2480.639892578125,75.47000122070312
2020-03-13,252.89608764648438,2711.02001953125,57.83000183105469
2020-03-16,225.22320556640625,2386.1298828125,82.69000244140625
2020-03-17,237.38348388671875,2529.18994140625,75.91000366210938
2020-03-18,225.3640594482422,2398.10009765625,76.44999694824219
2020-03-19,225.8429412841797,2409.389892578125,72.0
2020-03-20,216.11044311523438,2304.919921875,66.04000091552734
2020-03-23,210.58485412597656,2237.39990234375,61.59000015258789
2020-03-24,229.66455078125,2447.330078125,61.66999816894531
2020-03-25,233.10269165039062,2475.56005859375,63.95000076293945
2020-03-26,246.7135009765625,2630.070068359375,61.0
2020-03-27,239.36500549316406,2541.469970703125,65.54000091552734
2020-03-30,247.13858032226562,2626.64990234375,57.08000183105469
2020-03-31,243.454833984375,2584.590087890625,53.540000915527344
2020-04-01,232.49819946289062,2470.5,57.060001373291016
2020-04-02,237.86318969726562,2526.89990234375,50.90999984741211
2020-04-03,234.42506408691406,2488.64990234375,46.79999923706055
2020-04-06,250.17050170898438,2663.679931640625,45.2400016784668
2020-04-07,250.42555236816406,2659.409912109375,46.70000076293945
2020-04-08,258.8319091796875,2749.97998046875,43.349998474121094
2020-04-09,262.7706298828125,2789.820068359375,41.66999816894531
2020-04-13,260.3715515136719,2761.6298828125,41.16999816894531
2020-04-14,268.05059814453125,2846.06005859375,37.7599983215332
2020-04-15,262.3550720214844,2783.360107421875,40.84000015258789
2020-04-16,263.6207275390625,2799.550048828125,40.11000061035156
2020-04-17,270.7425842285156,2874.56005859375,38.150001525878906
2020-04-20,265.9726867675781,2823.159912109375,43.83000183105469
2020-04-21,257.89678955078125,2736.56005859375,45.40999984741211
2020-04-22,263.6207275390625,2799.31005859375,41.97999954223633
2020-04-23,263.6017761230469,2797.800048828125,41.380001068115234
2020-04-24,267.27606201171875,2836.739990234375,35.93000030517578
2020-04-27,271.12982177734375,2878.47998046875,33.290000915527344
2020-04-28,269.8830261230469,2863.389892578125,33.56999969482422
2020-04-29,276.94818115234375,2939.510009765625,31.229999542236328
2020-04-30,274.36962890625,2912.429931640625,34.150001525878906
2020-05-01,267.1061096191406,2830.7099609375,37.189998626708984
2020-05-04,267.84283447265625,2842.739990234375,35.970001220703125
2020-05-05,270.3175354003906,2868.43994140625,33.61000061035156
2020-05-06,268.485107421875,2848.419921875,34.119998931884766
2020-05-07,271.72491455078125,2881.18994140625,31.440000534057617
2020-05-08,276.220947265625,2929.800048828125,27.979999542236328
2020-05-11,276.2774963378906,2930.18994140625,27.56999969482422
2020-05-12,270.77093505859375,2870.1201171875,33.040000915527344
2020-05-13,265.98211669921875,2820.0,35.279998779296875
2020-05-14,269.1651916503906,2852.5,32.61000061035156
2020-05-15,270.4024963378906,2863.699951171875,31.889999389648438
2020-05-18,278.638916015625,2953.909912109375,29.299999237060547
2020-05-19,275.77691650390625,2922.93994140625,30.530000686645508
2020-05-20,280.4618835449219,2971.610107421875,27.989999771118164
2020-05-21,278.52557373046875,2948.510009765625,29.530000686645508
2020-05-22,279.0545349121094,2955.449951171875,28.15999984741211
2020-05-26,282.49261474609375,2991.77001953125,28.010000228881836
2020-05-27,286.6958312988281,3036.1298828125,27.6200008392334
2020-05-28,286.1668395996094,3029.72998046875,28.59000015258789
2020-05-29,287.4420166015625,3044.31005859375,27.510000228881836
2020-06-01,288.6037292480469,3055.72998046875,28.229999542236328
2020-06-02,290.9934387207031,3080.820068359375,26.84000015258789
2020-06-03,294.86602783203125,3122.8701171875,25.65999984741211
2020-06-04,294.0915222167969,3112.35009765625,25.809999465942383
2020-06-05,301.6289367675781,3193.929931640625,24.520000457763672
2020-06-08,305.2748718261719,3232.389892578125,25.809999465942383
2020-06-09,302.9985046386719,3207.179931640625,27.56999969482422
2020-06-10,301.30780029296875,3190.139892578125,27.56999969482422
2020-06-11,283.937744140625,3002.10009765625,40.790000915527344
2020-06-12,287.3380432128906,3041.31005859375,36.09000015258789
2020-06-15,290.02056884765625,3066.590087890625,34.400001525878906
2020-06-16,295.6028137207031,3124.739990234375,33.66999816894531
2020-06-17,294.37493896484375,3113.489990234375,33.470001220703125
2020-06-18,294.4881896972656,3115.340087890625,32.939998626708984
2020-06-19,292.8052978515625,3097.739990234375,35.119998931884766
2020-06-22,294.6836853027344,3117.860107421875,31.770000457763672
2020-06-23,296.040283203125,3131.2900390625,31.3700008392334
2020-06-24,288.4886779785156,3050.330078125,33.84000015258789
2020-06-25,291.5815124511719,3083.760009765625,32.220001220703125
2020-06-26,284.65594482421875,3009.050048828125,34.72999954223633
2020-06-29,288.83966064453125,3053.239990234375,31.780000686645508
2020-06-30,292.53961181640625,3100.2900390625,30.43000030517578
2020-07-01,294.5887756347656,3115.860107421875,28.6200008392334
2020-07-02,296.2111511230469,3130.010009765625,27.68000030517578
2020-07-06,300.7838134765625,3179.719970703125,27.940000534057617
2020-07-07,297.6815490722656,3145.320068359375,29.43000030517578
2020-07-08,299.9584655761719,3169.93994140625,28.079999923706055
2020-07-09,298.250732421875,3152.050048828125,29.260000228881836
2020-07-10,301.2961120605469,3185.0400390625,27.290000915527344
2020-07-13,298.68719482421875,3155.219970703125,32.189998626708984
2020-07-14,302.5578918457031,3197.52001953125,29.520000457763672
2020-07-15,305.3375549316406,3226.56005859375,27.760000228881836
2020-07-16,304.3318786621094,3215.570068359375,28.0
2020-07-17,305.2142028808594,3224.72998046875,25.68000030517578
2020-07-20,307.6808166503906,3251.840087890625,24.459999084472656
2020-07-21,308.3354187011719,3257.300048828125,24.84000015258789
2020-07-22,310.0904846191406,3276.02001953125,24.31999969482422
2020-07-23,306.3905944824219,3235.659912109375,26.079999923706055
2020-07-24,304.4173278808594,3215.6298828125,25.84000015258789
2020-07-27,306.63726806640625,3239.409912109375,24.739999771118164
2020-07-28,304.6924133300781,3218.43994140625,25.440000534057617
2020-07-29,308.43975830078125,3258.43994140625,24.100000381469727
2020-07-30,307.33929443359375,3246.219970703125,24.760000228881836
2020-07-31,309.7679138183594,3271.1201171875,24.459999084472656
2020-08-03,311.9215393066406,3294.610107421875,24.280000686645508
2020-08-04,313.1263122558594,3306.510009765625,23.760000228881836
2020-08-05,315.07110595703125,3327.77001953125,22.989999771118164
2020-08-06,317.1772155761719,3349.159912109375,22.649999618530273
2020-08-07,317.40496826171875,3351.280029296875,22.209999084472656
2020-08-10,318.3536376953125,3360.469970703125,22.1299991607666
2020-08-11,315.7257080078125,3333.68994140625,24.030000686645508
2020-08-12,320.127685546875,3380.35009765625,22.280000686645508
2020-08-13,319.5489807128906,3373.429931640625,22.1299991607666
2020-08-14,319.5585021972656,3372.85009765625,22.049999237060547
2020-08-17,320.5735778808594,3381.989990234375,21.350000381469727
2020-08-18,321.26611328125,3389.780029296875,21.510000228881836
2020-08-19,319.928466796875,3374.85009765625,22.540000915527344
2020-08-20,320.9245910644531,3385.510009765625,22.719999313354492
2020-08-21,322.06298828125,3397.159912109375,22.540000915527344
2020-08-24,325.3265686035156,3431.280029296875,22.3700008392334
2020-08-25,326.4649963378906,3443.6201171875,22.030000686645508
2020-08-26,329.73797607421875,3478.72998046875,23.270000457763672
2020-08-27,330.45892333984375,3484.550048828125,24.469999313354492
2020-08-28,332.59344482421875,3508.010009765625,22.959999084472656
2020-08-31,331.3887023925781,3500.31005859375,26.40999984741211
2020-09-01,334.5099182128906,3526.64990234375,26.1200008392334
2020-09-02,339.3482360839844,3580.840087890625,26.56999969482422
2020-09-03,327.66986083984375,3455.06005859375,33.599998474121094
2020-09-04,324.9945068359375,3426.9599609375,30.75
2020-09-08,316.1147155761719,3331.840087890625,31.459999084472656
2020-09-09,322.3571472167969,3398.9599609375,28.809999465942383
2020-09-10,316.75982666015625,3339.18994140625,29.709999084472656
2020-09-11,316.9210510253906,3340.969970703125,26.8700008392334
2020-09-14,321.09539794921875,3383.5400390625,25.850000381469727
2020-09-15,322.7176513671875,3401.199951171875,25.59000015258789
2020-09-16,321.4369201660156,3385.489990234375,26.040000915527344
2020-09-17,318.6097106933594,3357.010009765625,26.459999084472656
2020-09-18,314.94171142578125,3319.469970703125,25.829999923706055
2020-09-21,311.43658447265625,3281.06005859375,27.780000686645508
2020-09-22,314.6084289550781,3315.570068359375,26.860000610351562
2020-09-23,307.312255859375,3236.919921875,28.579999923706055
2020-09-24,308.13134765625,3246.590087890625,28.510000228881836
2020-09-25,313.1129455566406,3298.4599609375,26.3799991607666
2020-09-28,318.3135986328125,3351.60009765625,26.190000534057617
2020-09-29,316.5799865722656,3335.469970703125,26.270000457763672
2020-09-30,318.9803161621094,3363.0,26.3700008392334
2020-10-01,321.0281982421875,3380.800048828125,26.700000762939453
2020-10-02,317.9801330566406,3348.419921875,27.6299991607666
2020-10-05,323.618896484375,3408.60009765625,27.959999084472656
2020-10-06,319.0184326171875,3360.969970703125,29.479999542236328
2020-10-07,324.5714416503906,3419.43994140625,28.059999465942383
2020-10-08,327.447998046875,3446.830078125,26.360000610351562
2020-10-09,330.37213134765625,3477.139892578125,25.0
2020-10-12,335.6869812011719,3534.219970703125,25.06999969482422
2020-10-13,333.4963073730469,3511.929931640625,26.06999969482422
2020-10-14,331.4008483886719,3488.669921875,26.399999618530273
2020-10-15,330.9912109375,3483.340087890625,26.969999313354492
2020-10-16,330.7911376953125,3483.81005859375,27.40999984741211
2020-10-19,325.7620849609375,3426.919921875,29.18000030517578
2020-10-20,327.0669250488281,3443.1201171875,29.350000381469727
2020-10-21,326.4479064941406,3435.56005859375,28.649999618530273
2020-10-22,328.2385559082031,3453.489990234375,28.110000610351562
2020-10-23,329.35296630859375,3465.389892578125,27.549999237060547
2020-10-26,323.2665100097656,3400.969970703125,32.459999084472656
2020-10-27,322.1520690917969,3390.679931640625,33.349998474121094
2020-10-28,311.1412658691406,3271.030029296875,40.279998779296875
2020-10-29,314.30352783203125,3310.110107421875,37.59000015258789
2020-10-30,311.0269775390625,3269.9599609375,38.02000045776367
2020-11-02,314.51312255859375,3310.239990234375,37.130001068115234
2020-11-03,320.06610107421875,3369.159912109375,35.54999923706055
2020-11-04,327.2193603515625,3443.43994140625,29.56999969482422
2020-11-05,333.60107421875,3510.449951171875,27.579999923706055
2020-11-06,333.5248107910156,3509.43994140625,24.860000610351562
2020-11-09,337.7158508300781,3550.5,25.75
2020-11-10,337.2205505371094,3545.530029296875,24.799999237060547
2020-11-11,339.7256164550781,3572.659912109375,23.450000762939453
2020-11-12,336.429931640625,3537.010009765625,25.350000381469727
2020-11-13,341.087646484375,3585.14990234375,23.100000381469727
2020-11-16,345.34527587890625,3626.909912109375,22.450000762939453
2020-11-17,343.4878845214844,3609.530029296875,22.709999084472656
2020-11-18,339.35418701171875,3567.7900390625,23.84000015258789
2020-11-19,340.7828369140625,3581.8701171875,23.110000610351562
2020-11-20,338.44927978515625,3557.5400390625,23.700000762939453
2020-11-23,340.4780578613281,3577.590087890625,22.65999984741211
2020-11-24,345.9644470214844,3635.409912109375,21.639999389648438
2020-11-25,345.43096923828125,3629.64990234375,21.25
2020-11-27,346.3930358886719,3638.35009765625,20.84000015258789
2020-11-30,344.8595275878906,3621.6298828125,20.56999969482422
2020-12-01,348.6313781738281,3662.449951171875,20.770000457763672
2020-12-02,349.36480712890625,3669.010009765625,21.170000076293945
2020-12-03,349.2695617675781,3666.719970703125,21.280000686645508
2020-12-04,352.2794494628906,3699.1201171875,20.790000915527344
2020-12-07,351.5555114746094,3691.9599609375,21.299999237060547
2020-12-08,352.58428955078125,3702.25,20.68000030517578
2020-12-09,349.4219665527344,3672.820068359375,22.270000457763672
2020-12-10,349.30767822265625,3668.10009765625,22.520000457763672
2020-12-11,348.8980712890625,3663.4599609375,23.309999465942383
2020-12-14,347.33599853515625,3647.489990234375,24.719999313354492
2020-12-15,352.0317077636719,3694.6201171875,22.889999389648438
2020-12-16,352.58428955078125,3701.169921875,22.5
2020-12-17,354.555908203125,3722.47998046875,21.93000030517578
2020-12-18,353.14019775390625,3709.409912109375,21.56999969482422
2020-12-21,351.8775939941406,3694.919921875,25.15999984741211
2020-12-22,351.2845153808594,3687.260009765625,24.229999542236328
2020-12-23,351.6001281738281,3690.010009765625,23.309999465942383
2020-12-24,352.968017578125,3703.06005859375,21.530000686645508
2020-12-28,356.00030517578125,3735.360107421875,21.700000762939453
2020-12-29,355.3211364746094,3727.0400390625,23.079999923706055
2020-12-30,355.8280944824219,3732.0400390625,22.770000457763672
2020-12-31,357.635986328125,3756.070068359375,22.75
2021-01-04,352.7671813964844,3700.64990234375,26.969999313354492
2021-01-05,355.19677734375,3726.860107421875,25.34000015258789
2021-01-06,357.32037353515625,3748.139892578125,25.06999969482422
2021-01-07,362.62921142578125,3803.7900390625,22.3700008392334
2021-01-08,364.69537353515625,3824.679931640625,21.559999465942383
2021-01-11,362.23699951171875,3799.610107421875,24.079999923706055
2021-01-12,362.3135681152344,3801.18994140625,23.329999923706055
2021-01-13,363.28924560546875,3809.840087890625,22.209999084472656
2021-01-14,362.0169372558594,3795.5400390625,23.25
2021-01-15,359.3769836425781,3768.25,24.34000015258789
2021-01-19,362.1987609863281,3798.909912109375,23.239999771118164
2021-01-20,367.2110900878906,3851.85009765625,21.579999923706055
2021-01-21,367.5458984375,3853.070068359375,21.31999969482422
2021-01-22,366.24493408203125,3841.469970703125,21.90999984741211
2021-01-25,367.6893310546875,3855.360107421875,23.190000534057617
2021-01-26,367.1154479980469,3849.6201171875,23.020000457763672
2021-01-27,358.14300537109375,3750.77001953125,37.209999084472656
2021-01-28,361.2231140136719,3787.3798828125,30.209999084472656
2021-01-29,353.99151611328125,3714.239990234375,33.09000015258789
2021-02-01,359.8839416503906,3773.860107421875,30.239999771118164
2021-02-02,364.9727478027344,3826.31005859375,25.559999465942383
2021-02-03,365.25970458984375,3830.169921875,22.90999984741211
2021-02-04,369.41119384765625,3871.739990234375,21.770000457763672
2021-02-05,370.8651123046875,3886.830078125,20.8700008392334
2021-02-08,373.54345703125,3915.590087890625,21.239999771118164
2021-02-09,373.2947998046875,3911.22998046875,21.6299991607666
2021-02-10,373.13214111328125,3909.8798828125,21.989999771118164
2021-02-11,373.7347412109375,3916.3798828125,21.25
2021-02-12,375.5809631347656,3934.830078125,19.969999313354492
2021-02-16,375.25567626953125,3932.590087890625,21.459999084472656
2021-02-17,375.3417663574219,3931.330078125,21.5
2021-02-18,373.7442932128906,3913.969970703125,22.489999771118164
2021-02-19,373.08428955078125,3906.7099609375,22.049999237060547
2021-02-22,370.21466064453125,3876.5,23.450000762939453
2021-02-23,370.6642150878906,3881.3701171875,23.110000610351562
2021-02-24,374.7486877441406,3925.429931640625,21.34000015258789
2021-02-25,365.7188415527344,3829.340087890625,28.889999389648438
2021-02-26,363.83447265625,3811.14990234375,27.950000762939453
2021-03-01,372.6539001464844,3901.820068359375,23.350000381469727
2021-03-02,369.7459411621094,3870.2900390625,24.100000381469727
2021-03-03,364.848388671875,3819.719970703125,26.670000076293945
2021-03-04,360.33349609375,3768.469970703125,28.56999969482422
2021-03-05,366.96240234375,3841.93994140625,24.65999984741211
2021-03-08,365.1353759765625,3821.35009765625,25.469999313354492
2021-03-09,370.3486633300781,3875.43994140625,24.030000686645508
2021-03-10,372.6539001464844,3898.81005859375,22.559999465942383
2021-03-11,376.43218994140625,3939.340087890625,21.90999984741211
2021-03-12,376.939208984375,3943.340087890625,20.690000534057617
2021-03-15,379.1871337890625,3968.93994140625,20.030000686645508
2021-03-16,378.7088317871094,3962.7099609375,19.790000915527344
2021-03-17,380.00018310546875,3974.1201171875,19.229999542236328
2021-03-18,374.4713134765625,3915.4599609375,21.579999923706055
2021-03-19,373.7784423828125,3913.10009765625,20.950000762939453
2021-03-22,376.7630615234375,3940.590087890625,18.8799991607666
2021-03-23,373.79766845703125,3910.52001953125,20.299999237060547
2021-03-24,371.8974609375,3889.139892578125,21.200000762939453
2021-03-25,373.9895935058594,3909.52001953125,19.809999465942383
2021-03-26,380.0163879394531,3974.5400390625,18.860000610351562
2021-03-29,379.82452392578125,3971.090087890625,20.739999771118164
2021-03-30,378.8167724609375,3958.550048828125,19.610000610351562
2021-03-31,380.35223388671875,3972.889892578125,19.399999618530273
2021-04-01,384.4596862792969,4019.8701171875,17.329999923706055
2021-04-05,389.9779052734375,4077.909912109375,17.90999984741211
2021-04-06,389.7475891113281,4073.93994140625,18.1200008392334
2021-04-07,390.1986999511719,4079.949951171875,17.15999984741211
2021-04-08,392.0508117675781,4097.169921875,16.950000762939453
2021-04-09,394.9010925292969,4128.7998046875,16.690000534057617
2021-04-12,395.04510498046875,4127.990234375,16.90999984741211
2021-04-13,396.2159118652344,4141.58984375,16.649999618530273
2021-04-14,394.8628234863281,4124.66015625,16.989999771118164
2021-04-15,399.10455322265625,4170.419921875,16.56999969482422
2021-04-16,400.4384765625,4185.47021484375,16.25
2021-04-19,398.4711608886719,4163.259765625,17.290000915527344
2021-04-20,395.5537109375,4134.93994140625,18.68000030517578
2021-04-21,399.29644775390625,4173.419921875,17.5
2021-04-22,395.6496276855469,4134.97998046875,18.709999084472656
2021-04-23,399.9394836425781,4180.169921875,17.329999923706055
2021-04-26,400.7744140625,4187.6201171875,17.639999389648438
2021-04-27,400.6880187988281,4186.72021484375,17.559999465942383
2021-04-28,400.5728454589844,4183.18017578125,17.280000686645508
2021-04-29,403.1256103515625,4211.47021484375,17.610000610351562
2021-04-30,400.47686767578125,4181.169921875,18.610000610351562
2021-05-03,401.34063720703125,4192.66015625,18.309999465942383
2021-05-04,398.8645935058594,4164.66015625,19.479999542236328
2021-05-05,398.9893798828125,4167.58984375,19.149999618530273
2021-05-06,402.1755676269531,4201.6201171875,18.389999389648438
2021-05-07,405.1026306152344,4232.60009765625,16.690000534057617
2021-05-10,401.0911560058594,4188.43017578125,19.65999984741211
2021-05-11,397.5114440917969,4152.10009765625,21.84000015258789
2021-05-12,389.0662536621094,4063.0400390625,27.59000015258789
2021-05-13,393.7398986816406,4112.5,23.1299991607666
2021-05-14,399.78594970703125,4173.85009765625,18.809999465942383
2021-05-17,398.76861572265625,4163.2900390625,19.719999313354492
2021-05-18,395.3329772949219,4127.830078125,21.34000015258789
2021-05-19,394.2965393066406,4115.68017578125,22.18000030517578
2021-05-20,398.5382995605469,4159.1201171875,20.670000076293945
2021-05-21,398.2120056152344,4155.85986328125,20.149999618530273
2021-05-24,402.2715148925781,4197.0498046875,18.399999618530273
2021-05-25,401.3789978027344,4188.1298828125,18.84000015258789
2021-05-26,402.1755676269531,4195.990234375,17.360000610351562
2021-05-27,402.3867492675781,4200.8798828125,16.739999771118164
2021-05-28,403.1064758300781,4204.10986328125,16.760000228881836
2021-06-01,402.7513732910156,4202.0400390625,17.899999618530273
2021-06-02,403.3847351074219,4208.1201171875,17.479999542236328
2021-06-03,401.8876037597656,4192.85009765625,18.040000915527344
2021-06-04,405.563232421875,4229.89013671875,16.420000076293945
2021-06-07,405.16973876953125,4226.52001953125,16.420000076293945
2021-06-08,405.25616455078125,4227.259765625,17.06999969482422
2021-06-09,404.6515197753906,4219.5498046875,17.889999389648438
2021-06-10,406.532470703125,4239.18017578125,16.100000381469727
2021-06-11,407.2043151855469,4247.43994140625,15.649999618530273
2021-06-14,408.115966796875,4255.14990234375,16.389999389648438
2021-06-15,407.36749267578125,4246.58984375,17.020000457763672
2021-06-16,405.093017578125,4223.7001953125,18.149999618530273
2021-06-17,404.9586181640625,4221.85986328125,17.75
2021-06-18,399.4955749511719,4166.4501953125,20.700000762939453
2021-06-21,405.2147216796875,4224.7900390625,17.889999389648438
2021-06-22,407.38116455078125,4246.43994140625,16.65999984741211
2021-06-23,406.8900451660156,4241.83984375,16.31999969482422
2021-06-24,409.2970886230469,4266.490234375,15.970000267028809
2021-06-25,410.7510070800781,4280.7001953125,15.619999885559082
2021-06-28,411.5790710449219,4290.60986328125,15.760000228881836
2021-06-29,411.800537109375,4291.7998046875,16.020000457763672
2021-06-30,412.1470947265625,4297.5,15.829999923706055
2021-07-01,414.4289855957031,4319.93994140625,15.479999542236328
2021-07-02,417.5966796875,4352.33984375,15.069999694824219
2021-07-06,416.8360900878906,4343.5400390625,16.440000534057617
2021-07-07,418.3091735839844,4358.1298828125,16.200000762939453
2021-07-08,414.90081787109375,4320.81982421875,19.0
2021-07-09,419.3298034667969,4369.5498046875,16.18000030517578
2021-07-12,420.831787109375,4384.6298828125,16.170000076293945
2021-07-13,419.3971252441406,4369.2099609375,17.1200008392334
2021-07-14,420.0229797363281,4374.2998046875,16.329999923706055
2021-07-15,418.58837890625,4360.02978515625,17.010000228881836
2021-07-16,415.30517578125,4327.16015625,18.450000762939453
2021-07-19,409.17193603515625,4258.490234375,22.5
2021-07-20,415.0356140136719,4323.06005859375,19.729999542236328
2021-07-21,418.3958435058594,4358.68994140625,17.90999984741211
2021-07-22,419.27197265625,4367.47998046875,17.690000534057617
2021-07-23,423.58551025390625,4411.7900390625,17.200000762939453
2021-07-26,424.62530517578125,4422.2998046875,17.579999923706055
2021-07-27,422.6900939941406,4401.4599609375,19.360000610351562
2021-07-28,422.51666259765625,4400.64013671875,18.309999465942383
2021-07-29,424.26904296875,4419.14990234375,17.700000762939453
2021-07-30,422.20867919921875,4395.259765625,18.239999771118164
2021-08-02,421.3228759765625,4387.16015625,19.459999084472656
2021-08-03,424.7504577636719,4423.14990234375,18.040000915527344
2021-08-04,422.66119384765625,4402.66015625,17.969999313354492
2021-08-05,425.3377685546875,4429.10009765625,17.280000686645508
2021-08-06,426.04058837890625,4436.52001953125,16.149999618530273
2021-08-09,425.69403076171875,4432.35009765625,16.719999313354492
2021-08-10,426.22357177734375,4436.75,16.790000915527344
2021-08-11,427.2826843261719,4442.41015625,16.170000076293945
2021-08-12,428.5632629394531,4460.830078125,15.59000015258789
2021-08-13,429.3431396484375,4468.0,15.449999809265137
2021-08-16,430.3540954589844,4479.7099609375,16.1200008392334
2021-08-17,427.53302001953125,4448.080078125,17.90999984741211
2021-08-18,422.8537292480469,4400.27001953125,21.56999969482422
2021-08-19,423.5084228515625,4405.7998046875,21.670000076293945
2021-08-20,426.8783264160156,4441.669921875,18.559999465942383
2021-08-23,430.6333923339844,4479.52978515625,17.149999618530273
2021-08-24,431.31695556640625,4486.22998046875,17.219999313354492
2021-08-25,432.2220153808594,4496.18994140625,16.790000915527344
2021-08-26,429.6705322265625,4470.0,18.84000015258789
2021-08-27,433.5121765136719,4509.3701171875,16.389999389648438
2021-08-30,435.4185791015625,4528.7900390625,16.190000534057617
2021-08-31,434.77349853515625,4522.68017578125,16.479999542236328
2021-09-01,435.0044860839844,4524.08984375,16.110000610351562
2021-09-02,436.3428955078125,4536.9501953125,16.40999984741211
2021-09-03,436.2369689941406,4535.43017578125,16.40999984741211
2021-09-07,434.67718505859375,4520.02978515625,18.139999389648438
2021-09-08,434.1475830078125,4514.06982421875,17.959999084472656
2021-09-09,432.28936767578125,4493.27978515625,18.799999237060547
2021-09-10,428.88104248046875,4458.580078125,20.950000762939453
2021-09-13,429.97857666015625,4468.72998046875,19.3700008392334
2021-09-14,427.658203125,4443.0498046875,19.459999084472656
2021-09-15,431.23028564453125,4480.7001953125,18.18000030517578
2021-09-16,430.54669189453125,4473.75,18.690000534057617
2021-09-17,426.3527526855469,4432.990234375,20.809999465942383
2021-09-20,419.24359130859375,4357.72998046875,25.709999084472656
2021-09-21,418.84765625,4354.18994140625,24.360000610351562
2021-09-22,422.93341064453125,4395.64013671875,20.8700008392334
2021-09-23,428.0720520019531,4448.97998046875,18.6299991607666
2021-09-24,428.7771911621094,4455.47998046875,17.75
2021-09-27,427.5504455566406,4443.10986328125,18.760000228881836
2021-09-28,418.9345703125,4352.6298828125,23.25
2021-09-29,419.6396179199219,4359.4599609375,22.559999465942383
2021-09-30,414.51068115234375,4307.5400390625,23.139999389648438
2021-10-01,419.4367980957031,4357.0400390625,21.100000381469727
2021-10-04,414.0277099609375,4300.4599609375,22.959999084472656
2021-10-05,418.3356628417969,4345.72021484375,21.299999237060547
2021-10-06,420.07427978515625,4363.5498046875,21.0
2021-10-07,423.70611572265625,4399.759765625,19.540000915527344
2021-10-08,422.93341064453125,4391.33984375,18.770000457763672
2021-10-11,419.8714294433594,4361.18994140625,20.0
2021-10-12,418.83795166015625,4350.64990234375,19.850000381469727
2021-10-13,420.3447265625,4363.7998046875,18.639999389648438
2021-10-14,427.4151916503906,4438.259765625,16.860000610351562
2021-10-15,430.6703186035156,4471.3701171875,16.299999237060547
2021-10-18,431.9453430175781,4486.4599609375,16.309999465942383
2021-10-19,435.2776794433594,4519.6298828125,15.699999809265137
2021-10-20,436.9873962402344,4536.18994140625,15.489999771118164
2021-10-21,438.12713623046875,4549.77978515625,15.010000228881836
2021-10-22,437.67315673828125,4544.89990234375,15.430000305175781
2021-10-25,440.02032470703125,4566.47998046875,15.239999771118164
2021-10-26,440.41632080078125,4574.7900390625,15.979999542236328
2021-10-27,438.46527099609375,4551.68017578125,16.979999542236328
2021-10-28,442.6958923339844,4596.419921875,16.530000686645508
2021-10-29,443.59423828125,4605.3798828125,16.260000228881836
2021-11-01,444.3572692871094,4613.669921875,16.40999984741211
2021-11-02,446.1539001464844,4630.64990234375,16.030000686645508
2021-11-03,448.8777160644531,4660.56982421875,15.100000381469727
2021-11-04,450.9930725097656,4680.06005859375,15.4399995803833
2021-11-05,452.557861328125,4697.52978515625,16.479999542236328
2021-11-08,452.9441833496094,4701.7001953125,17.219999313354492
2021-11-09,451.44708251953125,4685.25,17.780000686645508
2021-11-10,447.8152160644531,4646.7099609375,18.729999542236328
2021-11-11,447.96014404296875,4649.27001953125,17.65999984741211
2021-11-12,451.3408203125,4682.85009765625,16.290000915527344
2021-11-15,451.495361328125,4682.7998046875,16.489999771118164
2021-11-16,453.28228759765625,4700.89990234375,16.3700008392334
2021-11-17,452.18115234375,4688.669921875,17.110000610351562
2021-11-18,453.71697998046875,4704.5400390625,17.59000015258789
2021-11-19,452.90557861328125,4697.9599609375,17.90999984741211
2021-11-22,451.6305847167969,4682.93994140625,19.170000076293945
2021-11-23,452.2294921875,4690.7001953125,19.3799991607666
2021-11-24,453.4368591308594,4701.4599609375,18.579999923706055
2021-11-26,443.3237609863281,4594.6201171875,28.6200008392334
2021-11-29,448.7618103027344,4655.27001953125,22.959999084472656
2021-11-30,440.030029296875,4567.0,27.190000534057617
2021-12-01,435.14251708984375,4513.0400390625,31.1200008392334
2021-12-02,441.8072204589844,4577.10009765625,27.950000762939453
2021-12-03,437.9630126953125,4538.43017578125,30.670000076293945
2021-12-06,443.14996337890625,4591.669921875,27.18000030517578
2021-12-07,452.3164367675781,4686.75,21.889999389648438
2021-12-08,453.5141296386719,4701.2099609375,19.899999618530273
2021-12-09,450.4521789550781,4667.4501953125,21.579999923706055
2021-12-10,454.6925354003906,4712.02001953125,18.690000534057617
2021-12-13,450.6647033691406,4668.97021484375,20.309999465942383
2021-12-14,447.5640869140625,4634.08984375,21.889999389648438
2021-12-15,454.5573425292969,4709.85009765625,19.290000915527344
2021-12-16,450.5487976074219,4668.669921875,20.56999969482422
2021-12-17,445.753662109375,4620.64013671875,21.56999969482422
2021-12-20,441.01373291015625,4568.02001953125,22.8700008392334
2021-12-21,448.8457336425781,4649.22998046875,21.010000228881836
2021-12-22,453.3335876464844,4696.56005859375,18.6299991607666
2021-12-23,456.154296875,4725.7900390625,17.959999084472656
2021-12-27,462.60980224609375,4791.18994140625,17.68000030517578
2021-12-28,462.2318115234375,4786.35009765625,17.540000915527344
2021-12-29,462.82305908203125,4793.06005859375,16.950000762939453
2021-12-30,461.5435791015625,4778.72998046875,17.329999923706055
2021-12-31,460.38043212890625,4766.18017578125,17.219999313354492
2022-01-03,463.04595947265625,4796.56005859375,16.600000381469727
2022-01-04,462.8908996582031,4793.5400390625,16.90999984741211
2022-01-05,454.0024108886719,4700.580078125,19.729999542236328
2022-01-06,453.5758972167969,4696.0498046875,19.610000610351562
2022-01-07,451.78271484375,4677.02978515625,18.760000228881836
2022-01-10,451.22052001953125,4670.2900390625,19.399999618530273
2022-01-11,455.3303527832031,4713.06982421875,18.40999984741211
2022-01-12,456.56134033203125,4726.35009765625,17.6200008392334
2022-01-13,450.27056884765625,4659.02978515625,20.309999465942383
2022-01-14,450.4547424316406,4662.85009765625,19.190000534057617
2022-01-18,442.4773864746094,4577.10986328125,22.790000915527344
2022-01-19,437.8828430175781,4532.759765625,23.850000381469727
2022-01-20,433.036376953125,4482.72998046875,25.59000015258789
2022-01-21,424.53558349609375,4397.93994140625,28.850000381469727
2022-01-24,426.3385009765625,4410.1298828125,29.899999618530273
2022-01-25,421.13330078125,4356.4501953125,31.15999984741211
2022-01-26,420.0767517089844,4349.93017578125,31.959999084472656
2022-01-27,418.0024719238281,4326.509765625,30.489999771118164
2022-01-28,428.3836975097656,4431.85009765625,27.65999984741211
2022-01-31,436.09942626953125,4515.5498046875,24.829999923706055
2022-02-01,439.0461120605469,4546.5400390625,21.959999084472656
2022-02-02,443.3110046386719,4589.3798828125,22.09000015258789
2022-02-03,432.8909912109375,4477.43994140625,24.350000381469727
2022-02-04,434.9265441894531,4500.52978515625,23.219999313354492
2022-02-07,433.5307312011719,4483.8701171875,22.860000610351562
2022-02-08,437.0977783203125,4521.5400390625,21.440000534057617
2022-02-09,443.4951477050781,4587.18017578125,19.959999084472656
2022-02-10,435.5274658203125,4504.080078125,23.90999984741211
2022-02-11,426.9394836425781,4418.64013671875,27.360000610351562
2022-02-14,425.5436706542969,4401.669921875,28.329999923706055
2022-02-15,432.4063720703125,4471.06982421875,25.700000762939453
2022-02-16,432.8909912109375,4475.009765625,24.290000915527344
2022-02-17,423.6438293457031,4380.259765625,28.110000610351562
2022-02-18,420.90069580078125,4348.8701171875,27.75
2022-02-22,416.3837585449219,4304.759765625,28.809999465942383
2022-02-23,408.9976501464844,4225.5,31.020000457763672
2022-02-24,415.1526794433594,4288.7001953125,30.31999969482422
2022-02-25,424.3126220703125,4384.64990234375,27.59000015258789
2022-02-28,423.22698974609375,4373.93994140625,30.149999618530273
2022-03-01,416.78118896484375,4306.259765625,33.31999969482422
2022-03-02,424.4483642578125,4386.5400390625,30.739999771118164
2022-03-03,422.33526611328125,4363.490234375,30.479999542236328
2022-03-04,418.9039306640625,4328.8701171875,31.979999542236328
2022-03-07,406.55499267578125,4201.08984375,36.45000076293945
2022-03-08,403.4726257324219,4170.7001953125,35.130001068115234
2022-03-09,414.2900695800781,4277.8798828125,32.45000076293945
2022-03-10,412.41925048828125,4259.52001953125,30.229999542236328
2022-03-11,407.17535400390625,4204.31005859375,30.75
2022-03-14,404.1995849609375,4173.10986328125,31.770000457763672
2022-03-15,413.0881652832031,4262.4501953125,29.829999923706055
2022-03-16,422.248046875,4357.85986328125,26.670000076293945
2022-03-17,427.5307312011719,4411.669921875,25.670000076293945
2022-03-18,432.21337890625,4463.1201171875,23.8700008392334
2022-03-21,432.0870056152344,4461.18017578125,23.530000686645508
2022-03-22,437.14300537109375,4511.60986328125,22.940000534057617
2022-03-23,431.5133056640625,4456.240234375,23.56999969482422
2022-03-24,438.01806640625,4520.16015625,21.670000076293945
2022-03-25,440.15716552734375,4543.06005859375,20.809999465942383
2022-03-28,443.2880554199219,4575.52001953125,19.6299991607666
2022-03-29,448.7718811035156,4631.60009765625,18.899999618530273
2022-03-30,446.0008239746094,4602.4501953125,19.329999923706055
2022-03-31,439.13629150390625,4530.41015625,20.559999465942383
2022-04-01,440.3808288574219,4545.85986328125,19.6299991607666
2022-04-04,444.1534118652344,4582.64013671875,18.56999969482422
2022-04-05,438.54315185546875,4525.1201171875,21.030000686645508
2022-04-06,434.1580505371094,4481.14990234375,22.100000381469727
2022-04-07,436.3457336425781,4500.2099609375,21.549999237060547
2022-04-08,435.178955078125,4488.27978515625,21.15999984741211
2022-04-11,427.74078369140625,4412.52978515625,24.3700008392334
2022-04-12,426.1558837890625,4397.4501953125,24.260000228881836
2022-04-13,431.036865234375,4446.58984375,21.81999969482422
2022-04-14,425.669677734375,4392.58984375,22.700000762939453
2022-04-18,425.8447265625,4391.68994140625,22.170000076293945
2022-04-19,432.718994140625,4462.2099609375,21.3700008392334
2022-04-20,432.3981018066406,4459.4501953125,20.31999969482422
2022-04-21,425.9322509765625,4393.66015625,22.68000030517578
2022-04-22,414.2449951171875,4271.77978515625,28.209999084472656
2022-04-25,416.6466064453125,4296.1201171875,27.020000457763672
2022-04-26,404.5801696777344,4175.2001953125,33.52000045776367
2022-04-27,405.7177734375,4183.9599609375,31.600000381469727
2022-04-28,415.96600341796875,4287.5,29.989999771118164
2022-04-29,400.59368896484375,4131.93017578125,33.400001525878906
2022-05-02,403.00506591796875,4155.3798828125,32.34000015258789
2022-05-03,404.8524475097656,4175.47998046875,29.25
2022-05-04,417.1813659667969,4300.169921875,25.420000076293945
2022-05-05,402.35357666015625,4146.8701171875,31.200000762939453
2022-05-06,399.95196533203125,4123.33984375,30.190000534057617
2022-05-09,387.1465759277344,3991.239990234375,34.75
2022-05-10,388.0411376953125,4001.050048828125,32.9900016784668
2022-05-11,381.87664794921875,3935.179931640625,32.560001373291016
2022-05-12,381.4779968261719,3930.080078125,31.770000457763672
2022-05-13,390.59832763671875,4023.889892578125,28.8700008392334
2022-05-16,389.0134582519531,4008.010009765625,27.469999313354492
2022-05-17,397.0155944824219,4088.85009765625,26.100000381469727
2022-05-18,381.0112609863281,3923.679931640625,30.959999084472656
2022-05-19,378.6777038574219,3900.7900390625,29.350000381469727
2022-05-20,378.8430480957031,3901.360107421875,29.43000030517578
2022-05-23,385.93121337890625,3973.75,28.479999542236328
2022-05-24,382.9850769042969,3941.47998046875,29.450000762939453
2022-05-25,386.3687438964844,3978.72998046875,28.3700008392334
2022-05-26,394.0889587402344,4057.840087890625,27.5
2022-05-27,403.76348876953125,4158.240234375,25.719999313354492
2022-05-31,401.4979553222656,4132.14990234375,26.190000534057617
2022-06-01,398.2503967285156,4101.22998046875,25.690000534057617
2022-06-02,405.83447265625,4176.81982421875,24.719999313354492
2022-06-03,399.17413330078125,4108.5400390625,24.790000915527344
2022-06-06,400.3894958496094,4121.43017578125,25.06999969482422
2022-06-07,404.2301025390625,4160.68017578125,24.020000457763672
2022-06-08,399.8352966308594,4115.77001953125,23.959999084472656
2022-06-09,390.3260498046875,4017.820068359375,26.09000015258789
2022-06-10,379.0083312988281,3900.860107421875,27.75
2022-06-13,364.6180419921875,3749.6298828125,34.02000045776367
2022-06-14,363.5193176269531,3735.47998046875,32.689998626708984
2022-06-15,368.70184326171875,3789.989990234375,29.6200008392334
2022-06-16,356.49920654296875,3666.77001953125,32.95000076293945
2022-06-17,357.2677307128906,3674.840087890625,31.1299991607666
2022-06-21,366.2614440917969,3764.7900390625,30.190000534057617
2022-06-22,365.59747314453125,3759.889892578125,28.950000762939453
2022-06-23,369.18121337890625,3795.72998046875,29.049999237060547
2022-06-24,380.9189147949219,3911.739990234375,27.229999542236328
2022-06-27,379.4639587402344,3900.110107421875,26.950000762939453
2022-06-28,371.71044921875,3821.550048828125,28.360000610351562
2022-06-29,371.4076843261719,3818.830078125,28.15999984741211
2022-06-30,368.3902587890625,3785.3798828125,28.709999084472656
2022-07-01,372.2865295410156,3825.330078125,26.700000762939453
2022-07-05,372.9896240234375,3831.389892578125,27.540000915527344
2022-07-06,374.24932861328125,3845.080078125,26.729999542236328
2022-07-07,379.8545227050781,3902.6201171875,26.079999923706055
2022-07-08,379.5420837402344,3899.3798828125,24.639999389648438
2022-07-11,375.20635986328125,3854.429931640625,26.170000076293945
2022-07-12,371.8861389160156,3818.800048828125,27.290000915527344
2022-07-13,369.93316650390625,3801.780029296875,26.81999969482422
2022-07-14,369.0347595214844,3790.3798828125,26.399999618530273
2022-07-15,376.085205078125,3863.159912109375,24.229999542236328
2022-07-18,372.9798889160156,3830.85009765625,25.299999237060547
2022-07-19,383.0575256347656,3936.68994140625,24.5
2022-07-20,385.498779296875,3959.89990234375,23.8799991607666
2022-07-21,389.42437744140625,3998.949951171875,23.110000610351562
2022-07-22,385.811279296875,3961.6298828125,23.030000686645508
2022-07-25,386.280029296875,3966.840087890625,23.360000610351562
2022-07-26,381.7099609375,3921.050048828125,24.690000534057617
2022-07-27,391.62158203125,4023.610107421875,23.239999771118164
2022-07-28,396.5334167480469,4072.429931640625,22.329999923706055
2022-07-29,402.31439208984375,4130.2900390625,21.329999923706055
2022-08-01,401.1230163574219,4118.6298828125,22.84000015258789
2022-08-02,398.4766540527344,4091.18994140625,23.93000030517578
2022-08-03,404.71661376953125,4155.169921875,21.950000762939453
2022-08-04,404.4432373046875,4151.93994140625,21.440000534057617
2022-08-05,403.7596435546875,4145.18994140625,21.149999618530273
2022-08-08,403.2908935546875,4140.06005859375,21.290000915527344
2022-08-09,401.68939208984375,4122.47021484375,21.770000457763672
2022-08-10,410.12652587890625,4210.240234375,19.739999771118164
2022-08-11,410.12652587890625,4207.27001953125,20.200000762939453
2022-08-12,417.06951904296875,4280.14990234375,19.530000686645508
2022-08-15,418.7881774902344,4297.14013671875,19.950000762939453
2022-08-16,419.60845947265625,4305.2001953125,19.690000534057617
2022-08-17,416.63006591796875,4274.0400390625,19.899999618530273
2022-08-18,417.8409729003906,4283.740234375,19.559999465942383
2022-08-19,412.2260437011719,4228.47998046875,20.600000381469727
2022-08-22,403.6424865722656,4137.990234375,23.799999237060547
2022-08-23,402.66595458984375,4128.72998046875,24.110000610351562
2022-08-24,403.9549255371094,4140.77001953125,22.81999969482422
2022-08-25,409.6578063964844,4199.1201171875,21.780000686645508
2022-08-26,395.791259765625,4057.659912109375,25.559999465942383
2022-08-29,393.1741943359375,4030.610107421875,26.209999084472656
2022-08-30,388.8580322265625,3986.159912109375,26.209999084472656
2022-08-31,385.899169921875,3955.0,25.8700008392334
2022-09-01,387.11004638671875,3966.85009765625,25.559999465942383
2022-09-02,383.0281982421875,3924.260009765625,25.469999313354492
2022-09-06,381.5830078125,3908.18994140625,26.90999984741211
2022-09-07,388.43804931640625,3979.8701171875,24.639999389648438
2022-09-08,390.97705078125,4006.179931640625,23.610000610351562
2022-09-09,397.0509948730469,4067.360107421875,22.790000915527344
2022-09-12,401.3183288574219,4110.41015625,23.8700008392334
2022-09-13,383.8680114746094,3932.68994140625,27.270000457763672
2022-09-14,385.3327941894531,3946.010009765625,26.15999984741211
2022-09-15,380.9579772949219,3901.35009765625,26.270000457763672
2022-09-16,378.05169677734375,3873.330078125,26.299999237060547
2022-09-19,380.9834899902344,3899.889892578125,25.760000228881836
2022-09-20,376.6103820800781,3855.929931640625,27.15999984741211
2022-09-21,370.04083251953125,3789.929931640625,27.989999771118164
2022-09-22,366.93255615234375,3757.989990234375,27.350000381469727
2022-09-23,360.78466796875,3693.22998046875,29.920000076293945
2022-09-26,357.2155456542969,3655.0400390625,32.2599983215332
2022-09-27,356.3036193847656,3647.2900390625,32.599998474121094
2022-09-28,363.3144226074219,3719.0400390625,30.18000030517578
2022-09-29,355.7251281738281,3640.469970703125,31.84000015258789
2022-09-30,350.2243957519531,3585.6201171875,31.6200008392334
2022-10-03,359.470703125,3678.429931640625,30.100000381469727
2022-10-04,370.6094970703125,3790.929931640625,29.06999969482422
2022-10-05,369.7466125488281,3783.280029296875,28.549999237060547
2022-10-06,365.93243408203125,3744.52001953125,30.520000457763672
2022-10-07,355.7251281738281,3639.659912109375,31.360000610351562
2022-10-10,353.00909423828125,3612.389892578125,32.45000076293945
2022-10-11,350.7734680175781,3588.840087890625,33.630001068115234
2022-10-12,349.616455078125,3577.030029296875,33.56999969482422
2022-10-13,358.84320068359375,3669.909912109375,31.940000534057617
2022-10-14,350.6656188964844,3583.070068359375,32.02000045776367
2022-10-17,359.6766662597656,3677.949951171875,31.3700008392334
2022-10-18,363.9027099609375,3719.97998046875,30.5
2022-10-19,361.3239440917969,3695.159912109375,30.760000228881836
2022-10-20,358.29412841796875,3665.780029296875,29.979999542236328
2022-10-21,367.0011901855469,3752.75,29.690000534057617
2022-10-24,371.49200439453125,3797.340087890625,29.850000381469727
2022-10-25,377.4242248535156,3859.110107421875,28.459999084472656
2022-10-26,374.5806579589844,3830.60009765625,27.280000686645508
2022-10-27,372.5804138183594,3807.300048828125,27.389999389648438
2022-10-28,381.4443664550781,3901.06005859375,25.75
2022-10-31,378.68902587890625,3871.97998046875,25.8799991607666
2022-11-01,377.0319519042969,3856.10009765625,25.809999465942383
2022-11-02,367.56988525390625,3759.68994140625,25.860000610351562
2022-11-03,363.7850646972656,3719.889892578125,25.299999237060547
2022-11-04,369.02105712890625,3770.550048828125,24.549999237060547
2022-11-07,372.55096435546875,3806.800048828125,24.350000381469727
2022-11-08,374.56103515625,3828.110107421875,25.540000915527344
2022-11-09,366.84429931640625,3748.570068359375,26.09000015258789
2022-11-10,387.0039367675781,3956.3701171875,23.530000686645508
2022-11-11,390.74957275390625,3992.929931640625,22.520000457763672
2022-11-14,387.4255676269531,3957.25,23.729999542236328
2022-11-15,390.72991943359375,3991.72998046875,24.540000915527344
2022-11-16,387.7491455078125,3958.7900390625,24.110000610351562
2022-11-17,386.5627136230469,3946.56005859375,23.93000030517578
2022-11-18,388.31787109375,3965.340087890625,23.1200008392334
2022-11-21,386.9058532714844,3949.93994140625,22.360000610351562
2022-11-22,392.1124267578125,4003.580078125,21.290000915527344
2022-11-23,394.5834045410156,4027.260009765625,20.350000381469727
2022-11-25,394.49517822265625,4026.1201171875,20.5
2022-11-28,388.20013427734375,3963.93994140625,22.209999084472656
2022-11-29,387.533447265625,3957.6298828125,21.889999389648438
2022-11-30,399.740966796875,4080.110107421875,20.579999923706055
2022-12-01,399.44677734375,4076.570068359375,19.84000015258789
2022-12-02,398.9859619140625,4071.699951171875,19.059999465942383
2022-12-05,391.8085021972656,3998.840087890625,20.75
2022-12-06,386.1606750488281,3941.260009765625,22.170000076293945
2022-12-07,385.50372314453125,3933.919921875,22.68000030517578
2022-12-08,388.52374267578125,3963.510009765625,22.290000915527344
2022-12-09,385.6213684082031,3934.3798828125,22.829999923706055
2022-12-12,391.18096923828125,3990.56005859375,25.0
2022-12-13,394.14215087890625,4019.64990234375,22.549999237060547
2022-12-14,391.6222229003906,3995.320068359375,21.139999389648438
2022-12-15,382.04248046875,3895.75,22.829999923706055
2022-12-16,377.531982421875,3852.360107421875,22.6200008392334
2022-12-19,374.3306579589844,3817.659912109375,22.420000076293945
2022-12-20,374.8428955078125,3821.6201171875,21.479999542236328
2022-12-21,380.44769287109375,3878.43994140625,20.06999969482422
2022-12-22,375.02020263671875,3822.389892578125,21.969999313354492
2022-12-23,377.1773986816406,3844.820068359375,20.8700008392334
2022-12-27,375.6900329589844,3829.25,21.649999618530273
2022-12-28,371.02099609375,3783.219970703125,22.139999389648438
2022-12-29,377.699462890625,3849.280029296875,21.440000534057617
2022-12-30,376.70458984375,3839.5,21.670000076293945
2023-01-03,375.11871337890625,3824.139892578125,22.899999618530273
2023-01-04,378.0147399902344,3852.969970703125,22.010000228881836
2023-01-05,373.70025634765625,3808.10009765625,22.459999084472656
2023-01-06,382.2699890136719,3895.080078125,21.1299991607666
2023-01-09,382.05328369140625,3892.090087890625,21.969999313354492
2023-01-10,384.7325744628906,3919.25,20.579999923706055
2023-01-11,389.5986022949219,3969.610107421875,21.09000015258789
2023-01-12,391.0170593261719,3983.169921875,18.829999923706055
2023-01-13,392.53399658203125,3999.090087890625,18.350000381469727
2023-01-17,391.81494140625,3990.969970703125,19.360000610351562
2023-01-18,385.6289367675781,3928.860107421875,20.34000015258789
2023-01-19,382.8216552734375,3898.85009765625,20.520000457763672
2023-01-20,389.9532470703125,3972.610107421875,19.850000381469727
2023-01-23,394.63214111328125,4019.81005859375,19.809999465942383
2023-01-24,394.2085876464844,4016.949951171875,19.200000762939453
2023-01-25,394.3563232421875,4016.219970703125,19.079999923706055
2023-01-26,398.6904296875,4060.429931640625,18.729999542236328
2023-01-27,399.60650634765625,4070.56005859375,18.510000228881836
2023-01-30,394.5927429199219,4017.77001953125,19.940000534057617
2023-01-31,400.3945617675781,4076.60009765625,19.399999618530273
2023-02-01,404.64984130859375,4119.2099609375,17.8700008392334
2023-02-02,410.5403137207031,4179.759765625,18.729999542236328
2023-02-03,406.1766662597656,4136.47998046875,18.329999923706055
2023-02-06,403.6943664550781,4111.080078125,19.43000030517578
2023-02-07,408.97412109375,4164.0,18.65999984741211
2023-02-08,404.5021057128906,4117.85986328125,19.6299991607666
2023-02-09,400.9953918457031,4081.5,20.709999084472656
2023-02-10,401.9311828613281,4090.4599609375,20.530000686645508
2023-02-13,406.6494445800781,4137.2900390625,20.34000015258789
2023-02-14,406.4623107910156,4136.1298828125,18.90999984741211
2023-02-15,407.78228759765625,4147.60009765625,18.229999542236328
2023-02-16,402.1676025390625,4090.409912109375,20.170000076293945
2023-02-17,401.16290283203125,4079.090087890625,20.020000457763672
2023-02-21,393.1152038574219,3997.340087890625,22.8700008392334
2023-02-22,392.57342529296875,3991.050048828125,22.290000915527344
2023-02-23,394.6616516113281,4012.320068359375,21.139999389648438
2023-02-24,390.44573974609375,3970.0400390625,21.670000076293945
2023-02-27,391.7755432128906,3982.239990234375,20.950000762939453
2023-02-28,390.3275451660156,3970.14990234375,20.700000762939453
2023-03-01,388.8302917480469,3951.389892578125,20.579999923706055
2023-03-02,391.8543701171875,3981.35009765625,19.59000015258789
2023-03-03,398.13885498046875,4045.639892578125,18.489999771118164
2023-03-06,398.4146423339844,4048.419921875,18.610000610351562
2023-03-07,392.3074645996094,3986.3701171875,19.59000015258789
2023-03-08,392.94775390625,3992.010009765625,19.110000610351562
2023-03-09,385.6978759765625,3918.320068359375,22.610000610351562
2023-03-10,380.13250732421875,3861.590087890625,24.799999237060547
2023-03-13,379.5907287597656,3855.760009765625,26.520000457763672
2023-03-14,385.8653564453125,3919.2900390625,23.729999542236328
2023-03-15,383.4520263671875,3891.929931640625,26.139999389648438
2023-03-16,390.1797790527344,3960.280029296875,22.989999771118164
2023-03-17,385.6175231933594,3916.639892578125,25.510000228881836
2023-03-20,389.3254699707031,3951.570068359375,24.149999618530273
2023-03-21,394.4375,4002.8701171875,21.3799991607666
2023-03-22,387.7137451171875,3936.969970703125,22.260000228881836
2023-03-23,388.7618713378906,3948.719970703125,22.610000610351562
2023-03-24,391.3129577636719,3970.989990234375,21.739999771118164
2023-03-27,392.0446472167969,3977.530029296875,20.600000381469727
2023-03-28,391.1646728515625,3971.27001953125,19.969999313354492
2023-03-29,396.85015869140625,4027.81005859375,19.1200008392334
2023-03-30,399.173828125,4050.830078125,19.020000457763672
2023-03-31,404.800048828125,4109.31005859375,18.700000762939453
2023-04-03,406.342529296875,4124.509765625,18.549999237060547
2023-04-04,404.088134765625,4100.60009765625,19.0
2023-04-05,403.0301208496094,4090.3798828125,19.079999923706055
2023-04-06,404.6022644042969,4105.02001953125,18.399999618530273
2023-04-10,405.0175476074219,4109.10986328125,18.969999313354492
2023-04-11,405.1263122558594,4108.93994140625,19.100000381469727
2023-04-12,403.47503662109375,4091.949951171875,19.09000015258789
2023-04-13,408.83428955078125,4146.22021484375,17.799999237060547
2023-04-14,407.8356018066406,4137.64013671875,17.06999969482422
2023-04-17,409.2990417480469,4151.31982421875,16.950000762939453
2023-04-18,409.56597900390625,4154.8701171875,16.829999923706055
2023-04-19,409.49676513671875,4154.52001953125,16.459999084472656
2023-04-20,407.2621154785156,4129.7900390625,17.170000076293945
2023-04-21,407.5785217285156,4133.52001953125,16.770000457763672
2023-04-24,408.00372314453125,4137.0400390625,16.889999389648438
2023-04-25,401.5271301269531,4071.6298828125,18.760000228881836
2023-04-26,399.8263854980469,4055.989990234375,18.84000015258789
2023-04-27,407.7861633300781,4135.35009765625,17.030000686645508
2023-04-28,411.2666931152344,4169.47998046875,15.779999732971191
2023-05-01,410.8514099121094,4167.8701171875,16.079999923706055
2023-05-02,406.2337951660156,4119.580078125,17.780000686645508
2023-05-03,403.44537353515625,4090.75,18.34000015258789
2023-05-04,400.5877685546875,4061.219970703125,20.09000015258789
2023-05-05,408.00372314453125,4136.25,17.190000534057617
2023-05-08,408.1124572753906,4138.1201171875,16.979999542236328
2023-05-09,406.3227844238281,4119.169921875,17.709999084472656
2023-05-10,408.22125244140625,4137.64013671875,16.940000534057617
2023-05-11,407.50927734375,4130.6201171875,16.93000030517578
2023-05-12,406.9753723144531,4124.080078125,17.030000686645508
2023-05-15,408.3794250488281,4136.27978515625,17.1200008392334
2023-05-16,405.6503601074219,4109.89990234375,17.989999771118164
2023-05-17,410.5745544433594,4158.77001953125,16.8700008392334
2023-05-18,414.5296936035156,4198.0498046875,16.049999237060547
2023-05-19,413.9265441894531,4191.97998046875,16.809999465942383
2023-05-22,414.0946350097656,4192.6298828125,17.209999084472656
2023-05-23,409.44732666015625,4145.580078125,18.530000686645508
2023-05-24,406.48095703125,4115.240234375,20.030000686645508
2023-05-25,410.00103759765625,4151.27978515625,19.139999389648438
2023-05-26,415.3108215332031,4205.4501953125,17.950000762939453
2023-05-30,415.4690246582031,4205.52001953125,17.459999084472656
2023-05-31,413.1651916503906,4179.830078125,17.940000534057617
2023-06-01,417.0906677246094,4221.02001953125,15.649999618530273
2023-06-02,423.1222839355469,4282.3701171875,14.600000381469727
2023-06-05,422.3114929199219,4273.7900390625,14.729999542236328
2023-06-06,423.23101806640625,4283.85009765625,13.960000038146973
2023-06-07,421.767578125,4267.52001953125,13.9399995803833
2023-06-08,424.3187255859375,4293.93017578125,13.649999618530273
2023-06-09,425.080078125,4298.85986328125,13.829999923706055
2023-06-12,428.93634033203125,4338.93017578125,15.010000228881836
2023-06-13,431.7642822265625,4369.009765625,14.609999656677246
2023-06-14,432.2784423828125,4372.58984375,13.880000114440918
2023-06-15,437.6376953125,4425.83984375,14.5
2023-06-16,436.14697265625,4409.58984375,13.539999961853027
2023-06-20,433.8841857910156,4388.7099609375,13.880000114440918
2023-06-21,431.66107177734375,4365.68994140625,13.199999809265137
2023-06-22,433.2192687988281,4381.89013671875,12.90999984741211
2023-06-23,429.944091796875,4348.330078125,13.4399995803833
2023-06-26,428.1874694824219,4328.81982421875,14.25
2023-06-27,432.8818359375,4378.41015625,13.739999771118164
2023-06-28,433.1001892089844,4376.85986328125,13.430000305175781
2023-06-29,434.8071594238281,4396.43994140625,13.539999961853027
2023-06-30,439.9382019042969,4450.3798828125,13.59000015258789
2023-07-03,440.4443664550781,4455.58984375,13.569999694824219
2023-07-05,439.7893371582031,4446.81982421875,14.180000305175781
2023-07-06,436.3454895019531,4411.58984375,15.4399995803833
2023-07-07,435.2438659667969,4398.9501953125,14.829999923706055
2023-07-10,436.3454895019531,4409.52978515625,15.069999694824219
2023-07-11,439.1243591308594,4439.259765625,14.84000015258789
2023-07-12,442.65753173828125,4472.16015625,13.539999961853027
2023-07-13,446.1708679199219,4510.0400390625,13.609999656677246
2023-07-14,445.8929748535156,4505.419921875,13.34000015258789
2023-07-17,447.44122314453125,4522.7900390625,13.479999542236328
2023-07-18,450.7659606933594,4554.97998046875,13.300000190734863
2023-07-19,451.76837158203125,4565.72021484375,13.760000228881836
2023-07-20,448.7710876464844,4534.8701171875,13.989999771118164
2023-07-21,448.7710876464844,4536.33984375,13.600000381469727
2023-07-24,450.7759094238281,4554.64013671875,13.90999984741211
2023-07-25,452.00653076171875,4567.4599609375,13.859999656677246
2023-07-26,452.0760192871094,4566.75,13.1899995803833
2023-07-27,449.0787658691406,4537.41015625,14.40999984741211
2023-07-28,453.4753723144531,4582.22998046875,13.329999923706055
2023-07-31,454.3388366699219,4588.9599609375,13.630000114440918
2023-08-01,453.0386962890625,4576.72998046875,13.930000305175781
2023-08-02,446.736572265625,4513.39013671875,16.09000015258789
2023-08-03,445.4562683105469,4501.89013671875,15.920000076293945
2023-08-04,443.44158935546875,4478.02978515625,17.100000381469727
2023-08-07,447.31219482421875,4518.43994140625,15.770000457763672
2023-08-08,445.3669738769531,4499.3798828125,15.989999771118164
2023-08-09,442.38958740234375,4467.7099609375,15.960000038146973
2023-08-10,442.5483703613281,4468.830078125,15.850000381469727
2023-08-11,442.2903137207031,4464.0498046875,14.84000015258789
2023-08-14,444.7317810058594,4489.72021484375,14.819999694824219
2023-08-15,439.5511779785156,4437.85986328125,16.459999084472656
2023-08-16,436.32568359375,4404.330078125,16.780000686645508
2023-08-17,433.00091552734375,4370.35986328125,17.889999389648438
2023-08-18,433.2093200683594,4369.7099609375,17.299999237060547
2023-08-21,436.02789306640625,4399.77001953125,17.1299991607666
2023-08-22,434.8468933105469,4387.5498046875,16.969999313354492
2023-08-23,439.6900939941406,4436.009765625,15.979999542236328
2023-08-24,433.59637451171875,4376.31005859375,17.200000762939453
2023-08-25,436.6531677246094,4405.7099609375,15.680000305175781
2023-08-28,439.4221496582031,4433.31005859375,15.079999923706055
2023-08-29,445.7738952636719,4497.6298828125,14.449999809265137
2023-08-30,447.60992431640625,4514.8701171875,13.880000114440918
2023-08-31,446.95489501953125,4507.66015625,13.569999694824219
2023-09-01,447.78857421875,4515.77001953125,13.09000015258789
2023-09-05,445.8532409667969,4496.830078125,14.010000228881836
2023-09-06,442.8560485839844,4465.47998046875,14.449999809265137
2023-09-07,441.4963684082031,4451.14013671875,14.399999618530273
2023-09-08,442.16131591796875,4457.490234375,13.84000015258789
2023-09-11,445.0692443847656,4487.4599609375,13.800000190734863
2023-09-12,442.62774658203125,4461.89990234375,14.229999542236328
2023-09-13,443.1438903808594,4467.43994140625,13.479999542236328
2023-09-14,446.9648132324219,4505.10009765625,12.819999694824219
2023-09-15,441.57965087890625,4450.31982421875,13.789999961853027
2023-09-18,441.838623046875,4453.52978515625,14.0
2023-09-19,440.92230224609375,4443.9501953125,14.109999656677246
2023-09-20,436.8687744140625,4402.2001953125,15.140000343322754
2023-09-21,429.6480407714844,4330.0,17.540000915527344
2023-09-22,428.6819763183594,4320.06005859375,17.200000762939453
2023-09-25,430.4846496582031,4337.43994140625,16.899999618530273
2023-09-26,424.1602783203125,4273.52978515625,18.940000534057617
2023-09-27,424.32958984375,4274.509765625,18.219999313354492
2023-09-28,426.78961181640625,4299.7001953125,17.34000015258789
2023-09-29,425.75384521484375,4288.0498046875,17.520000457763672
2023-10-02,425.5845031738281,4288.39013671875,17.610000610351562
2023-10-03,419.8876037597656,4229.4501953125,19.780000686645508
2023-10-04,422.9452209472656,4263.75,18.579999923706055
2023-10-05,422.7858581542969,4258.18994140625,18.489999771118164
2023-10-06,427.8055114746094,4308.5,17.450000762939453
2023-10-09,430.5444030761719,4335.66015625,17.700000762939453
2023-10-10,432.7853088378906,4358.240234375,17.030000686645508
2023-10-11,434.5581359863281,4376.9501953125,16.09000015258789
2023-10-12,431.90887451171875,4349.60986328125,16.690000534057617
2023-10-13,429.7575988769531,4327.77978515625,19.31999969482422
2023-10-16,434.2792663574219,4373.6298828125,17.209999084472656
2023-10-17,434.25933837890625,4373.2001953125,17.8799991607666
