Datetime,Open,High,Low,Close,Volume,MA_Fast,MA_Slow,TR,ATR,Signal,Position,Capital,Shares_Held
2023-10-02 09:15:00,87100.0,87100.0,86800.0,86900.0,70002,,,300.0,,0,,100000000,0
2023-10-02 09:30:00,86800.0,87000.0,86700.0,86700.0,61700,,,300.0,,0,0.0,100000000,0
2023-10-02 09:45:00,86700.0,86800.0,86600.0,86800.0,43002,,,200.0,,0,0.0,100000000,0
2023-10-02 10:00:00,86800.0,86900.0,86700.0,86800.0,40901,,,200.0,,0,0.0,100000000,0
2023-10-02 10:15:00,86800.0,86900.0,86700.0,86900.0,32901,,,200.0,,0,0.0,100000000,0
2023-10-02 10:30:00,86900.0,86900.0,86800.0,86800.0,43601,,,100.0,,0,0.0,100000000,0
2023-10-02 10:45:00,86800.0,86800.0,86800.0,86800.0,21002,,,0.0,,0,0.0,100000000,0
2023-10-02 11:00:00,86800.0,86900.0,86700.0,86900.0,10401,,,200.0,,0,0.0,100000000,0
2023-10-02 11:15:00,86900.0,86900.0,86800.0,86900.0,10000,,,100.0,,0,0.0,100000000,0
2023-10-02 13:00:00,87000.0,87100.0,86900.0,87000.0,17406,,,200.0,,0,0.0,100000000,0
2023-10-02 13:15:00,86900.0,86900.0,86800.0,86800.0,83900,,,100.0,,0,0.0,100000000,0
2023-10-02 13:30:00,86700.0,86800.0,86700.0,86700.0,58100,,,100.0,,0,0.0,100000000,0
2023-10-02 13:45:00,86700.0,86800.0,86600.0,86700.0,44700,,,200.0,,0,0.0,100000000,0
2023-10-02 14:00:00,86700.0,86800.0,86600.0,86700.0,34400,,,200.0,171.42857142857142,0,0.0,100000000,0
2023-10-02 14:15:00,86700.0,86800.0,86500.0,86800.0,133400,,,300.0,171.42857142857142,0,0.0,100000000,0
2023-10-02 14:45:00,86500.0,86500.0,86500.0,86500.0,53684,,,0.0,150.0,0,0.0,100000000,0
2023-10-03 09:15:00,86500.0,86500.0,86100.0,86400.0,29500,,,400.0,164.28571428571428,0,0.0,100000000,0
2023-10-03 09:30:00,86400.0,86700.0,86200.0,86700.0,34100,,,500.0,185.71428571428572,0,0.0,100000000,0
2023-10-03 09:45:00,86200.0,86600.0,86200.0,86600.0,7200,,,400.0,200.0,0,0.0,100000000,0
2023-10-03 10:00:00,86700.0,86700.0,86400.0,86400.0,50700,,,300.0,214.28571428571428,0,0.0,100000000,0
2023-10-03 10:15:00,86400.0,86500.0,86400.0,86400.0,2500,,,100.0,221.42857142857142,0,0.0,100000000,0
2023-10-03 10:30:00,86300.0,86300.0,86200.0,86300.0,56900,,,100.0,214.28571428571428,0,0.0,100000000,0
2023-10-03 10:45:00,86300.0,86300.0,86100.0,86100.0,29400,,,200.0,221.42857142857142,0,0.0,100000000,0
2023-10-03 11:00:00,86200.0,86300.0,86100.0,86100.0,27100,,,200.0,221.42857142857142,0,0.0,100000000,0
2023-10-03 11:15:00,86100.0,86400.0,86000.0,86300.0,47300,,,400.0,242.85714285714286,0,0.0,100000000,0
2023-10-03 13:00:00,86200.0,86500.0,86100.0,86300.0,101200,,,400.0,264.2857142857143,0,0.0,100000000,0
2023-10-03 13:15:00,86200.0,86300.0,86000.0,86100.0,107400,,,300.0,271.42857142857144,0,0.0,100000000,0
2023-10-03 13:30:00,86100.0,86500.0,86100.0,86200.0,45500,,,400.0,285.7142857142857,0,0.0,100000000,0
2023-10-03 13:45:00,86100.0,86400.0,86100.0,86300.0,109500,,,300.0,285.7142857142857,0,0.0,100000000,0
2023-10-03 14:00:00,86300.0,86400.0,86100.0,86300.0,105400,,,300.0,307.14285714285717,0,0.0,100000000,0
2023-10-03 14:15:00,86200.0,86200.0,85800.0,85900.0,208400,,,400.0,307.14285714285717,0,0.0,100000000,0
2023-10-03 14:45:00,86300.0,86300.0,86300.0,86300.0,52900,,,0.0,271.42857142857144,0,0.0,100000000,0
2023-10-04 09:15:00,86300.0,86300.0,85300.0,85300.0,50600,,,1000.0,314.2857142857143,0,0.0,100000000,0
2023-10-04 09:30:00,85400.0,85500.0,85300.0,85400.0,28500,,,200.0,307.14285714285717,0,0.0,100000000,0
2023-10-04 09:45:00,85400.0,85700.0,85400.0,85600.0,8300,,,300.0,321.42857142857144,0,0.0,100000000,0
2023-10-04 10:00:00,85600.0,85700.0,85600.0,85700.0,4700,,,100.0,321.42857142857144,0,0.0,100000000,0
2023-10-04 10:15:00,85700.0,86000.0,85700.0,86000.0,70700,,,300.0,328.57142857142856,0,0.0,100000000,0
2023-10-04 10:30:00,85900.0,86200.0,85900.0,86000.0,22100,,,300.0,335.7142857142857,0,0.0,100000000,0
2023-10-04 10:45:00,85900.0,85900.0,85800.0,85800.0,15200,,,100.0,314.2857142857143,0,0.0,100000000,0
2023-10-04 11:00:00,85800.0,85800.0,85400.0,85600.0,46800,,,400.0,314.2857142857143,0,0.0,100000000,0
2023-10-04 11:15:00,85700.0,85800.0,85500.0,85700.0,24900,,,300.0,314.2857142857143,0,0.0,100000000,0
2023-10-04 13:00:00,85700.0,85700.0,85500.0,85600.0,62800,,,200.0,300.0,0,0.0,100000000,0
2023-10-04 13:15:00,85500.0,85600.0,85400.0,85600.0,59100,,,200.0,292.85714285714283,0,0.0,100000000,0
2023-10-04 13:30:00,85500.0,85700.0,85500.0,85700.0,45800,,,200.0,285.7142857142857,0,0.0,100000000,0
2023-10-04 13:45:00,85700.0,85700.0,85600.0,85700.0,48900,,,100.0,264.2857142857143,0,0.0,100000000,0
2023-10-04 14:00:00,85700.0,85800.0,85600.0,85800.0,117400,,,200.0,278.57142857142856,0,0.0,100000000,0
2023-10-04 14:15:00,85800.0,86200.0,85500.0,86200.0,199400,,,700.0,257.14285714285717,0,0.0,100000000,0
2023-10-04 14:45:00,86300.0,86300.0,86300.0,86300.0,0,,,0.0,242.85714285714286,0,0.0,100000000,0
2023-10-05 09:15:00,86000.0,86000.0,85100.0,85200.0,82000,,,900.0,285.7142857142857,0,0.0,100000000,0
2023-10-05 09:30:00,85300.0,85800.0,85300.0,85700.0,16200,86246.0,,500.0,314.2857142857143,0,0.0,100000000,0
2023-10-05 09:45:00,85700.0,85800.0,85500.0,85500.0,18900,86218.0,,300.0,314.2857142857143,0,0.0,100000000,0
2023-10-05 10:00:00,85500.0,85900.0,85500.0,85800.0,28000,86200.0,,400.0,321.42857142857144,0,0.0,100000000,0
2023-10-05 10:15:00,85600.0,85600.0,85400.0,85400.0,19300,86172.0,,200.0,328.57142857142856,0,0.0,100000000,0
2023-10-05 10:30:00,85400.0,85500.0,85400.0,85400.0,27300,86144.0,,100.0,307.14285714285717,0,0.0,100000000,0
2023-10-05 10:45:00,85400.0,85500.0,85300.0,85400.0,31700,86114.0,,200.0,300.0,0,0.0,100000000,0
2023-10-05 11:00:00,85400.0,85500.0,85400.0,85400.0,3500,86086.0,,100.0,292.85714285714283,0,0.0,100000000,0
2023-10-05 11:15:00,85400.0,85500.0,85400.0,85400.0,10500,86058.0,,100.0,285.7142857142857,0,0.0,100000000,0
2023-10-05 13:00:00,85400.0,85500.0,85300.0,85300.0,12100,86026.0,,200.0,285.7142857142857,0,0.0,100000000,0
2023-10-05 13:15:00,85300.0,85300.0,85300.0,85300.0,130100,85994.0,,0.0,278.57142857142856,0,0.0,100000000,0
2023-10-05 13:30:00,85400.0,85400.0,85200.0,85200.0,54300,85958.0,,200.0,278.57142857142856,0,0.0,100000000,0
2023-10-05 13:45:00,85300.0,85400.0,85000.0,85100.0,129900,85924.0,,400.0,257.14285714285717,0,0.0,100000000,0
2023-10-05 14:00:00,85100.0,85200.0,85000.0,85200.0,113100,85894.0,,200.0,271.42857142857144,0,0.0,100000000,0
2023-10-05 14:15:00,85100.0,85900.0,84800.0,85900.0,259700,85878.0,,1100.0,285.7142857142857,0,0.0,100000000,0
2023-10-05 14:45:00,84500.0,84500.0,84500.0,84500.0,77400,85834.0,,0.0,250.0,0,0.0,100000000,0
2023-10-06 09:15:00,84500.0,84900.0,83500.0,83600.0,54600,85770.0,,1400.0,328.57142857142856,0,0.0,100000000,0
2023-10-06 09:30:00,83700.0,83900.0,83600.0,83800.0,38900,85716.0,,300.0,321.42857142857144,0,0.0,100000000,0
2023-10-06 09:45:00,83800.0,83900.0,83700.0,83900.0,32800,85666.0,,200.0,321.42857142857144,0,0.0,100000000,0
2023-10-06 10:00:00,83800.0,83900.0,83700.0,83800.0,15000,85608.0,,200.0,328.57142857142856,0,0.0,100000000,0
2023-10-06 10:15:00,83800.0,84000.0,83700.0,84000.0,32500,85556.0,,300.0,335.7142857142857,0,0.0,100000000,0
2023-10-06 10:30:00,83900.0,84000.0,83800.0,83900.0,16600,85506.0,,200.0,342.85714285714283,0,0.0,100000000,0
2023-10-06 10:45:00,83900.0,83900.0,83800.0,83800.0,27700,85454.0,,100.0,342.85714285714283,0,0.0,100000000,0
2023-10-06 11:00:00,83800.0,83900.0,83600.0,83600.0,41100,85400.0,,300.0,350.0,0,0.0,100000000,0
2023-10-06 11:15:00,83700.0,83800.0,83500.0,83800.0,52900,85354.0,,300.0,371.42857142857144,0,0.0,100000000,0
2023-10-06 13:00:00,83800.0,83800.0,83600.0,83800.0,39400,85308.0,,200.0,371.42857142857144,0,0.0,100000000,0
2023-10-06 13:15:00,83700.0,83900.0,83700.0,83900.0,56300,85260.0,,200.0,357.14285714285717,0,0.0,100000000,0
2023-10-06 13:30:00,83900.0,83900.0,83700.0,83900.0,38900,85212.0,,200.0,357.14285714285717,0,0.0,100000000,0
2023-10-06 13:45:00,83900.0,83900.0,83700.0,83800.0,60300,85166.0,,200.0,292.85714285714283,0,0.0,100000000,0
2023-10-06 14:00:00,83800.0,85000.0,83800.0,85000.0,113700,85142.0,,1200.0,378.57142857142856,0,0.0,100000000,0
2023-10-06 14:15:00,85000.0,85300.0,84500.0,85000.0,93200,85116.0,,800.0,335.7142857142857,0,0.0,100000000,0
2023-10-06 14:45:00,85400.0,85400.0,85400.0,85400.0,79900,85098.0,,0.0,314.2857142857143,0,0.0,100000000,0
2023-10-09 09:15:00,85400.0,85400.0,84500.0,84800.0,10900,85076.0,,900.0,364.2857142857143,0,0.0,100000000,0
2023-10-09 09:30:00,84800.0,84900.0,84400.0,84400.0,38100,85038.0,,500.0,385.7142857142857,0,0.0,100000000,0
2023-10-09 09:45:00,84400.0,84500.0,84300.0,84400.0,31000,85020.0,,200.0,378.57142857142856,0,0.0,100000000,0
2023-10-09 10:00:00,84400.0,84400.0,84300.0,84400.0,27500,85000.0,,100.0,371.42857142857144,0,0.0,100000000,0
2023-10-09 10:15:00,84400.0,84400.0,84200.0,84300.0,40900,84974.0,,200.0,378.57142857142856,0,0.0,100000000,0
2023-10-09 10:30:00,84400.0,84400.0,84300.0,84400.0,42400,84948.0,,100.0,364.2857142857143,0,0.0,100000000,0
2023-10-09 10:45:00,84300.0,84400.0,84100.0,84200.0,45900,84912.0,,300.0,364.2857142857143,0,0.0,100000000,0
2023-10-09 11:00:00,84200.0,84300.0,84100.0,84100.0,31500,84874.0,,200.0,364.2857142857143,0,0.0,100000000,0
2023-10-09 11:15:00,84100.0,84200.0,84100.0,84100.0,29600,84840.0,,100.0,357.14285714285717,0,0.0,100000000,0
2023-10-09 13:00:00,84100.0,84200.0,84000.0,84100.0,73800,84810.0,,200.0,357.14285714285717,0,0.0,100000000,0
2023-10-09 13:15:00,84100.0,84200.0,84000.0,84100.0,107500,84778.0,,200.0,357.14285714285717,0,0.0,100000000,0
2023-10-09 13:30:00,84100.0,84200.0,84000.0,84100.0,74300,84748.0,,200.0,285.7142857142857,0,0.0,100000000,0
2023-10-09 13:45:00,84100.0,84100.0,84000.0,84100.0,2000,84718.0,,100.0,235.71428571428572,0,0.0,100000000,0
2023-10-09 14:00:00,84100.0,84200.0,84000.0,84100.0,152600,84686.0,,200.0,250.0,0,0.0,100000000,0
2023-10-09 14:15:00,84100.0,84500.0,84100.0,84500.0,224000,84662.0,,400.0,214.28571428571428,0,0.0,100000000,0
2023-10-09 14:45:00,84600.0,84600.0,84600.0,84600.0,275800,84638.0,,0.0,178.57142857142858,0,0.0,100000000,0
2023-10-10 09:15:00,84600.0,85900.0,84600.0,85900.0,42401,84632.0,,1300.0,257.14285714285717,0,0.0,100000000,0
2023-10-10 09:30:00,85800.0,86000.0,85700.0,85700.0,43900,84620.0,,300.0,271.42857142857144,0,0.0,100000000,0
2023-10-10 09:45:00,85600.0,85800.0,85600.0,85800.0,20300,84632.0,,200.0,271.42857142857144,0,0.0,100000000,0
2023-10-10 10:00:00,85800.0,85800.0,85700.0,85800.0,18600,84634.0,,100.0,271.42857142857144,0,0.0,100000000,0
2023-10-10 10:15:00,85800.0,86000.0,85700.0,86000.0,75200,84644.0,,300.0,271.42857142857144,0,0.0,100000000,0
2023-10-10 10:30:00,85900.0,86000.0,85800.0,85900.0,49100,84646.0,,200.0,271.42857142857144,0,0.0,100000000,0
2023-10-10 10:45:00,86000.0,86200.0,85900.0,86200.0,48200,84662.0,,300.0,285.7142857142857,0,0.0,100000000,0
2023-10-10 11:00:00,86200.0,86200.0,85900.0,85900.0,30700,84672.0,,300.0,292.85714285714283,0,0.0,100000000,0
2023-10-10 11:15:00,86000.0,86100.0,86000.0,86000.0,28400,84684.0,,100.0,285.7142857142857,0,0.0,100000000,0
2023-10-10 13:00:00,86000.0,86100.0,85900.0,86000.0,48700,84696.0,,200.0,285.7142857142857,0,0.0,100000000,0
2023-10-10 13:15:00,86000.0,86000.0,85800.0,85900.0,38500,84706.0,,200.0,292.85714285714283,0,0.0,100000000,0
2023-10-10 13:30:00,86000.0,86100.0,86000.0,86000.0,103400,84720.0,,100.0,285.7142857142857,0,0.0,100000000,0
2023-10-10 13:45:00,86000.0,86100.0,85900.0,86000.0,61900,84734.0,,200.0,271.42857142857144,0,0.0,100000000,0
2023-10-10 14:00:00,86000.0,86100.0,85900.0,86100.0,73600,84752.0,,200.0,285.7142857142857,0,0.0,100000000,0
2023-10-10 14:15:00,86000.0,86100.0,86000.0,86000.0,64400,84770.0,,100.0,200.0,0,0.0,100000000,0
2023-10-10 14:45:00,86100.0,86100.0,86100.0,86100.0,0,84788.0,,0.0,178.57142857142858,0,0.0,100000000,0
2023-10-11 09:15:00,86200.0,86200.0,85900.0,86100.0,26901,84792.0,,300.0,185.71428571428572,0,0.0,100000000,0
2023-10-11 09:30:00,86100.0,86200.0,86000.0,86000.0,15100,84822.0,,200.0,192.85714285714286,0,0.0,100000000,0
2023-10-11 09:45:00,86000.0,86100.0,85900.0,86000.0,37300,84870.0,,200.0,185.71428571428572,0,0.0,100000000,0
2023-10-11 10:00:00,86000.0,86000.0,85800.0,85800.0,31800,84910.0,,200.0,185.71428571428572,0,0.0,100000000,0
2023-10-11 10:15:00,85900.0,86000.0,85800.0,85900.0,30600,84950.0,,200.0,178.57142857142858,0,0.0,100000000,0
2023-10-11 10:30:00,85900.0,86000.0,85900.0,86000.0,13300,84994.0,,100.0,164.28571428571428,0,0.0,100000000,0
2023-10-11 10:45:00,86000.0,86000.0,85900.0,85900.0,11200,85032.0,,100.0,164.28571428571428,0,0.0,100000000,0
2023-10-11 11:00:00,85900.0,86100.0,85900.0,86100.0,71100,85076.0,,200.0,164.28571428571428,0,0.0,100000000,0
2023-10-11 11:15:00,86100.0,86100.0,86000.0,86000.0,42700,85120.0,,100.0,157.14285714285714,0,0.0,100000000,0
2023-10-11 13:00:00,86000.0,86100.0,85700.0,85900.0,98600,85166.0,,400.0,178.57142857142858,0,0.0,100000000,0
2023-10-11 13:15:00,85900.0,85900.0,85700.0,85800.0,47500,85206.0,,200.0,178.57142857142858,0,0.0,100000000,0
2023-10-11 13:30:00,85800.0,85900.0,85700.0,85800.0,27800,85246.0,,200.0,178.57142857142858,0,0.0,100000000,0
2023-10-11 13:45:00,85900.0,86100.0,85800.0,86100.0,64400,85290.0,,300.0,192.85714285714286,0,0.0,100000000,0
2023-10-11 14:00:00,86100.0,86500.0,86000.0,86300.0,92000,85338.0,,500.0,228.57142857142858,0,0.0,100000000,0
2023-10-11 14:15:00,86400.0,86500.0,86300.0,86300.0,171900,85388.0,,200.0,221.42857142857142,0,0.0,100000000,0
2023-10-11 14:45:00,86500.0,86500.0,86500.0,86500.0,33199,85418.0,,0.0,207.14285714285714,0,0.0,100000000,0
2023-10-12 09:15:00,86900.0,86900.0,86000.0,86600.0,38200,85450.0,,900.0,257.14285714285717,0,0.0,100000000,0
2023-10-12 09:30:00,86600.0,86600.0,86000.0,86300.0,46000,85468.0,,600.0,285.7142857142857,0,0.0,100000000,0
2023-10-12 09:45:00,86200.0,86400.0,85800.0,86200.0,49800,85496.0,,600.0,314.2857142857143,0,0.0,100000000,0
2023-10-12 10:00:00,86200.0,86300.0,85900.0,86000.0,26000,85528.0,,400.0,335.7142857142857,0,0.0,100000000,0
2023-10-12 10:15:00,86000.0,86000.0,85500.0,85700.0,70200,85554.0,,500.0,364.2857142857143,0,0.0,100000000,0
2023-10-12 10:30:00,85800.0,85900.0,85700.0,85800.0,86600,85582.0,,200.0,364.2857142857143,0,0.0,100000000,0
2023-10-12 10:45:00,85800.0,86000.0,85800.0,86000.0,13800,85616.0,,200.0,371.42857142857144,0,0.0,100000000,0
2023-10-12 11:00:00,86000.0,86300.0,86000.0,86200.0,25800,85652.0,,300.0,364.2857142857143,0,0.0,100000000,0
2023-10-12 11:15:00,86100.0,86200.0,86000.0,86100.0,39100,85690.0,,200.0,364.2857142857143,0,0.0,100000000,0
2023-10-12 13:00:00,86100.0,86100.0,85900.0,86000.0,51200,85728.0,,200.0,364.2857142857143,0,0.0,100000000,0
2023-10-12 13:15:00,86100.0,86100.0,86000.0,86100.0,70200,85768.0,,100.0,350.0,0,0.0,100000000,0
2023-10-12 13:30:00,86100.0,86200.0,86000.0,86000.0,52100,85806.0,,200.0,328.57142857142856,0,0.0,100000000,0
2023-10-12 13:45:00,86000.0,86200.0,85900.0,86000.0,55200,85844.0,,300.0,335.7142857142857,0,0.0,100000000,0
2023-10-12 14:00:00,86000.0,86200.0,85900.0,86000.0,107300,85882.0,,300.0,357.14285714285717,0,0.0,100000000,0
2023-10-12 14:15:00,86000.0,86300.0,86000.0,86300.0,119900,85926.0,,300.0,314.2857142857143,0,0.0,100000000,0
2023-10-12 14:45:00,86000.0,86000.0,86000.0,86000.0,11800,85964.0,,0.0,271.42857142857144,0,0.0,100000000,0
2023-10-13 09:15:00,86000.0,86000.0,85500.0,85700.0,30800,85988.0,,500.0,264.2857142857143,0,0.0,100000000,0
2023-10-13 09:30:00,85700.0,86100.0,85700.0,86100.0,27000,86018.0,,400.0,264.2857142857143,0,0.0,100000000,0
2023-10-13 09:45:00,86100.0,86100.0,85900.0,85900.0,35200,86018.0,,200.0,242.85714285714286,0,0.0,100000000,0
2023-10-13 10:00:00,86000.0,86100.0,85900.0,85900.0,130100,86022.0,,200.0,242.85714285714286,0,0.0,100000000,0
2023-10-13 10:15:00,86000.0,86000.0,85900.0,86000.0,16000,86026.0,,100.0,235.71428571428572,0,0.0,100000000,0
2023-10-13 10:30:00,86000.0,86200.0,86000.0,86100.0,25200,86032.0,,200.0,228.57142857142858,0,0.0,100000000,0
2023-10-13 10:45:00,86200.0,86300.0,86100.0,86100.0,17400,86034.0,,200.0,228.57142857142858,0,0.0,100000000,0
2023-10-13 11:00:00,86200.0,86200.0,86000.0,86100.0,37800,86038.0,,200.0,228.57142857142858,0,0.0,100000000,0
2023-10-13 11:15:00,86100.0,86100.0,86000.0,86100.0,30600,86036.0,,100.0,228.57142857142858,0,0.0,100000000,0
2023-10-13 13:00:00,86000.0,86100.0,85900.0,86000.0,55600,86038.0,,200.0,228.57142857142858,0,0.0,100000000,0
2023-10-13 13:15:00,86000.0,86100.0,85900.0,86000.0,51400,86038.0,,200.0,221.42857142857142,0,0.0,100000000,0
2023-10-13 13:30:00,86000.0,86100.0,85900.0,86100.0,21900,86040.0,,200.0,214.28571428571428,0,0.0,100000000,0
2023-10-13 13:45:00,86000.0,86100.0,86000.0,86100.0,94600,86044.0,,100.0,200.0,0,0.0,100000000,0
2023-10-13 14:00:00,86100.0,86400.0,86100.0,86400.0,60600,86052.0,,300.0,221.42857142857142,0,0.0,100000000,0
2023-10-13 14:15:00,86400.0,86500.0,86200.0,86400.0,82500,86060.0,,300.0,207.14285714285714,0,0.0,100000000,0
2023-10-13 14:45:00,86600.0,86600.0,86600.0,86600.0,63400,86070.0,,0.0,178.57142857142858,0,0.0,100000000,0
2023-10-16 09:15:00,85600.0,86600.0,85600.0,86000.0,14800,86070.0,,1000.0,235.71428571428572,0,0.0,100000000,0
2023-10-16 09:30:00,86000.0,86100.0,86000.0,86100.0,5100,86070.0,,100.0,228.57142857142858,0,0.0,100000000,0
2023-10-16 09:45:00,86100.0,86200.0,86100.0,86200.0,10300,86072.0,,100.0,228.57142857142858,0,0.0,100000000,0
2023-10-16 10:00:00,86300.0,86300.0,86000.0,86000.0,19500,86072.0,,300.0,235.71428571428572,0,0.0,100000000,0
2023-10-16 10:15:00,86000.0,86000.0,85800.0,85800.0,28100,86068.0,,200.0,235.71428571428572,0,0.0,100000000,0
2023-10-16 10:30:00,85900.0,86100.0,85900.0,86100.0,26600,86074.0,,200.0,235.71428571428572,0,0.0,100000000,0
2023-10-16 10:45:00,86000.0,86200.0,85900.0,85900.0,15700,86074.0,,300.0,250.0,0,0.0,100000000,0
2023-10-16 11:00:00,85900.0,86100.0,85900.0,85900.0,15700,86072.0,,200.0,250.0,0,0.0,100000000,0
2023-10-16 11:15:00,86000.0,86000.0,85800.0,86000.0,13600,86074.0,,200.0,250.0,0,0.0,100000000,0
2023-10-16 13:00:00,86000.0,86000.0,85800.0,85800.0,9700,86068.0,,200.0,250.0,0,0.0,100000000,0
2023-10-16 13:15:00,85800.0,85900.0,85800.0,85800.0,115900,86064.0,,100.0,250.0,0,0.0,100000000,0
2023-10-16 13:30:00,85800.0,85900.0,85800.0,85900.0,28800,86064.0,,100.0,235.71428571428572,0,0.0,100000000,0
2023-10-16 13:45:00,85900.0,86100.0,85900.0,86000.0,64400,86068.0,,200.0,228.57142857142858,0,0.0,100000000,0
2023-10-16 14:00:00,86000.0,86000.0,85800.0,86000.0,28600,86072.0,,200.0,242.85714285714286,0,0.0,100000000,0
2023-10-16 14:15:00,85900.0,86000.0,85800.0,86000.0,117700,86070.0,,200.0,185.71428571428572,0,0.0,100000000,0
2023-10-16 14:45:00,86100.0,86100.0,86100.0,86100.0,0,86066.0,,0.0,178.57142857142858,0,0.0,100000000,0
2023-10-17 09:15:00,86100.0,86500.0,85800.0,86000.0,12300,86060.0,,700.0,221.42857142857142,0,0.0,100000000,0
2023-10-17 09:30:00,86000.0,86000.0,86000.0,86000.0,1100,86050.0,,0.0,200.0,0,0.0,100000000,0
2023-10-17 09:45:00,85900.0,86000.0,85900.0,85900.0,8700,86036.0,,100.0,192.85714285714286,0,0.0,100000000,0
2023-10-17 10:00:00,85900.0,86100.0,85900.0,86000.0,27300,86030.0,,200.0,192.85714285714286,0,0.0,100000000,0
2023-10-17 10:15:00,86000.0,86200.0,86000.0,86200.0,5600,86030.0,,200.0,185.71428571428572,0,0.0,100000000,0
2023-10-17 10:30:00,86200.0,86200.0,86100.0,86200.0,14900,86034.0,,100.0,178.57142857142858,0,0.0,100000000,0
2023-10-17 10:45:00,86200.0,86300.0,86200.0,86300.0,18700,86046.0,,100.0,171.42857142857142,0,0.0,100000000,0
2023-10-17 11:00:00,86300.0,86300.0,86100.0,86300.0,18400,86056.0,,200.0,171.42857142857142,0,0.0,100000000,0
2023-10-17 11:15:00,86300.0,86300.0,86200.0,86300.0,13900,86062.0,,100.0,171.42857142857142,0,0.0,100000000,0
2023-10-17 13:00:00,86300.0,86300.0,86200.0,86200.0,51300,86062.0,,100.0,171.42857142857142,0,0.0,100000000,0
2023-10-17 13:15:00,86200.0,86300.0,86100.0,86100.0,19700,86062.0,,200.0,171.42857142857142,0,0.0,100000000,0
2023-10-17 13:30:00,86100.0,86300.0,86000.0,86100.0,52700,86064.0,,300.0,178.57142857142858,0,0.0,100000000,0
2023-10-17 13:45:00,86100.0,86200.0,85900.0,86100.0,34200,86064.0,,300.0,185.71428571428572,0,0.0,100000000,0
2023-10-17 14:00:00,86100.0,86200.0,85800.0,85800.0,46200,86060.0,,400.0,214.28571428571428,0,0.0,100000000,0
2023-10-17 14:15:00,85900.0,86000.0,85500.0,85500.0,50700,86050.0,,500.0,200.0,0,0.0,100000000,0
2023-10-17 14:45:00,85900.0,85900.0,85900.0,85900.0,32700,86048.0,,0.0,200.0,0,0.0,100000000,0
2023-10-18 09:15:00,85500.0,85800.0,85100.0,85300.0,31700,86028.0,,700.0,242.85714285714286,0,0.0,100000000,0
2023-10-18 09:30:00,85100.0,85300.0,85000.0,85000.0,26800,86008.0,,300.0,250.0,0,0.0,100000000,0
2023-10-18 09:45:00,85000.0,85200.0,85000.0,85200.0,31200,85998.0,,200.0,250.0,0,0.0,100000000,0
2023-10-18 10:00:00,85100.0,85300.0,85100.0,85200.0,20300,85980.0,,200.0,257.14285714285717,0,0.0,100000000,0
2023-10-18 10:15:00,85200.0,85300.0,85000.0,85100.0,52800,85964.0,,300.0,271.42857142857144,0,0.0,100000000,0
2023-10-18 10:30:00,85200.0,85200.0,85000.0,85100.0,45900,85948.0,,200.0,271.42857142857144,0,0.0,100000000,0
2023-10-18 10:45:00,85100.0,85300.0,85000.0,85100.0,80200,85930.0,,300.0,285.7142857142857,0,0.0,100000000,0
2023-10-18 11:00:00,85100.0,85300.0,85100.0,85100.0,94000,85910.0,85705.5,200.0,292.85714285714283,1,0.0,100000000,0
2023-10-18 11:15:00,85100.0,85300.0,85100.0,85200.0,51700,85892.0,85697.0,200.0,292.85714285714283,1,1.0,99148000,10
2023-10-18 13:00:00,85200.0,85300.0,85100.0,85100.0,26000,85872.0,85689.0,200.0,285.7142857142857,1,1.0,98297000,20
2023-10-18 13:15:00,85200.0,85200.0,85000.0,85100.0,46800,85852.0,85680.5,200.0,278.57142857142856,1,1.0,97446000,30
2023-10-18 13:30:00,85100.0,85200.0,85100.0,85100.0,95900,85834.0,85672.0,100.0,257.14285714285717,1,1.0,96595000,40
2023-10-18 13:45:00,85200.0,85400.0,85100.0,85300.0,62900,85820.0,85664.0,300.0,242.85714285714286,1,1.0,95742000,50
2023-10-18 14:00:00,85200.0,86000.0,85200.0,85800.0,218500,85814.0,85659.0,800.0,300.0,1,1.0,94884000,60
2023-10-18 14:15:00,85700.0,86000.0,85200.0,85900.0,281200,85810.0,85654.5,800.0,307.14285714285717,1,1.0,94025000,70
2023-10-18 14:45:00,85900.0,85900.0,85900.0,85900.0,0,85800.0,85649.5,0.0,285.7142857142857,1,1.0,93166000,80
2023-10-19 09:15:00,85500.0,85800.0,85000.0,85300.0,16800,85778.0,85641.5,800.0,328.57142857142856,1,1.0,92313000,90
2023-10-19 09:30:00,85300.0,85900.0,85300.0,85800.0,23800,85762.0,85635.5,600.0,357.14285714285717,1,1.0,91455000,100
2023-10-19 09:45:00,85800.0,85900.0,85700.0,85900.0,19300,85760.0,85631.0,200.0,350.0,1,1.0,90596000,110
2023-10-19 10:00:00,85800.0,86000.0,85700.0,85700.0,101600,85752.0,85626.0,300.0,357.14285714285717,1,1.0,89739000,120
2023-10-19 10:15:00,85800.0,85900.0,85600.0,85700.0,69600,85742.0,85621.0,300.0,357.14285714285717,1,1.0,88882000,130
2023-10-19 10:30:00,85700.0,85700.0,85500.0,85600.0,49700,85734.0,85615.5,200.0,357.14285714285717,1,1.0,88026000,140
2023-10-19 10:45:00,85600.0,85700.0,85400.0,85400.0,83200,85726.0,85608.5,300.0,364.2857142857143,1,1.0,87172000,150
2023-10-19 11:00:00,85400.0,85800.0,85400.0,85500.0,72200,85714.0,85603.5,400.0,378.57142857142856,1,1.0,86317000,160
2023-10-19 11:15:00,85500.0,85500.0,85200.0,85300.0,87300,85702.0,85598.0,300.0,385.7142857142857,1,1.0,85464000,170
2023-10-19 13:00:00,85300.0,85400.0,85100.0,85300.0,99400,85690.0,85591.0,300.0,400.0,1,1.0,84611000,180
2023-10-19 13:15:00,85300.0,85300.0,84400.0,84400.0,108800,85658.0,85580.0,900.0,442.85714285714283,1,1.0,83767000,190
2023-10-19 13:30:00,84500.0,85000.0,84400.0,84500.0,95900,85632.0,85570.5,600.0,428.57142857142856,1,1.0,82922000,200
2023-10-19 13:45:00,84400.0,84800.0,84300.0,84500.0,146300,85606.0,85561.0,500.0,407.14285714285717,1,1.0,82077000,210
2023-10-19 14:00:00,84600.0,84700.0,84300.0,84500.0,160100,85578.0,85552.0,400.0,435.7142857142857,1,1.0,81232000,220
2023-10-19 14:15:00,84500.0,85800.0,84100.0,85800.0,181400,85574.0,85550.5,1700.0,500.0,1,1.0,80374000,230
2023-10-19 14:45:00,84500.0,84500.0,84500.0,84500.0,93200,85544.0,85542.5,0.0,457.14285714285717,1,1.0,79529000,240
2023-10-20 09:15:00,83500.0,84300.0,83500.0,84200.0,14400,85508.0,85532.0,800.0,500.0,0,1.0,78687000,250
2023-10-20 09:30:00,84100.0,84200.0,83700.0,83700.0,23100,85460.0,85519.0,500.0,514.2857142857143,0,0.0,78687000,250
2023-10-20 09:45:00,83700.0,83800.0,83600.0,83700.0,38200,85414.0,85507.0,200.0,507.14285714285717,0,0.0,78687000,250
2023-10-20 10:00:00,83800.0,83800.0,83500.0,83500.0,33500,85364.0,85493.5,300.0,514.2857142857143,0,0.0,78687000,250
2023-10-20 10:15:00,83500.0,83600.0,83000.0,83600.0,66000,85318.0,85480.0,600.0,535.7142857142857,0,0.0,78687000,250
2023-10-20 10:30:00,83400.0,83500.0,83000.0,83000.0,40700,85258.0,85463.5,500.0,542.8571428571429,0,0.0,78687000,250
2023-10-20 10:45:00,83100.0,83100.0,82900.0,82900.0,58000,85192.0,85448.5,200.0,535.7142857142857,0,0.0,78687000,250
2023-10-20 11:00:00,82900.0,83600.0,82700.0,83500.0,85400,85138.0,85434.5,900.0,578.5714285714286,0,0.0,78687000,250
2023-10-20 11:15:00,83000.0,83900.0,82800.0,82800.0,54700,85068.0,85422.0,1100.0,592.8571428571429,0,0.0,78687000,250
2023-10-20 13:15:00,83000.0,83900.0,83000.0,83300.0,131300,85008.0,85411.5,900.0,614.2857142857143,0,0.0,78687000,250
2023-10-20 13:30:00,83200.0,83900.0,83100.0,83700.0,68400,84956.0,85402.0,800.0,635.7142857142857,0,0.0,78687000,250
2023-10-20 13:45:00,83700.0,84500.0,83500.0,83600.0,101000,84904.0,85391.5,1000.0,678.5714285714286,0,0.0,78687000,250
2023-10-20 14:00:00,83500.0,84500.0,83500.0,84300.0,61300,84868.0,85383.0,1000.0,628.5714285714286,0,0.0,78687000,250
2023-10-20 14:15:00,84300.0,85300.0,84300.0,85100.0,85400,84848.0,85378.5,1000.0,700.0,0,0.0,78687000,250
2023-10-20 14:45:00,84800.0,84800.0,84800.0,84800.0,70800,84822.0,85373.5,0.0,642.8571428571429,0,0.0,78687000,250
2023-10-23 09:15:00,84500.0,84500.0,83100.0,83400.0,23800,84774.0,85362.5,1400.0,707.1428571428571,0,0.0,78687000,250
2023-10-23 09:30:00,83400.0,83500.0,83300.0,83300.0,41300,84730.0,85350.5,200.0,707.1428571428571,0,0.0,78687000,250
2023-10-23 09:45:00,83300.0,83400.0,83100.0,83200.0,49200,84676.0,85338.5,300.0,707.1428571428571,0,0.0,78687000,250
2023-10-23 10:00:00,83200.0,83200.0,83100.0,83200.0,44100,84634.0,85326.5,100.0,671.4285714285714,0,0.0,78687000,250
2023-10-23 10:15:00,83100.0,83200.0,83000.0,83100.0,54500,84596.0,85313.5,200.0,650.0,0,0.0,78687000,250
2023-10-23 10:30:00,83100.0,83100.0,83000.0,83000.0,69300,84552.0,85300.0,100.0,642.8571428571429,0,0.0,78687000,250
2023-10-23 10:45:00,83100.0,83200.0,82900.0,83000.0,36900,84508.0,85286.0,300.0,600.0,0,0.0,78687000,250
2023-10-23 11:00:00,83000.0,83000.0,82900.0,82900.0,39800,84464.0,85269.5,100.0,528.5714285714286,0,0.0,78687000,250
2023-10-23 11:15:00,82900.0,82900.0,82700.0,82700.0,51700,84416.0,85251.5,200.0,478.57142857142856,0,0.0,78687000,250
2023-10-23 13:00:00,82800.0,82800.0,82500.0,82500.0,83100,84364.0,85238.0,300.0,442.85714285714283,0,0.0,78687000,250
2023-10-23 13:15:00,82600.0,82800.0,82500.0,82600.0,57100,84314.0,85222.5,300.0,392.85714285714283,0,0.0,78687000,250
2023-10-23 13:30:00,82700.0,82900.0,82600.0,82600.0,108700,84262.0,85208.0,300.0,342.85714285714283,0,0.0,78687000,250
2023-10-23 13:45:00,82600.0,82900.0,82500.0,82700.0,139500,84214.0,85192.5,400.0,300.0,0,0.0,78687000,250
2023-10-23 14:00:00,82600.0,83200.0,82600.0,83000.0,99300,84172.0,85180.5,600.0,342.85714285714283,0,0.0,78687000,250
2023-10-23 14:15:00,83200.0,84400.0,83200.0,84300.0,141100,84156.0,85175.0,1200.0,328.57142857142856,0,0.0,78687000,250
2023-10-23 14:45:00,84500.0,84500.0,84500.0,84500.0,79900,84140.0,85170.5,0.0,314.2857142857143,0,0.0,78687000,250
2023-10-24 09:15:00,84500.0,84500.0,83900.0,84500.0,11100,84114.0,85166.0,600.0,335.7142857142857,0,0.0,78687000,250
2023-10-24 09:30:00,84500.0,85000.0,84300.0,84400.0,35400,84084.0,85161.0,700.0,378.57142857142856,0,0.0,78687000,250
2023-10-24 09:45:00,84400.0,84600.0,84400.0,84500.0,26300,84056.0,85157.0,200.0,378.57142857142856,0,0.0,78687000,250
2023-10-24 10:00:00,84500.0,84600.0,84400.0,84500.0,27300,84040.0,85153.0,200.0,385.7142857142857,0,0.0,78687000,250
2023-10-24 10:15:00,84500.0,84500.0,84400.0,84400.0,16100,84012.0,85149.0,100.0,371.42857142857144,0,0.0,78687000,250
2023-10-24 10:30:00,84400.0,84500.0,84400.0,84400.0,22600,83982.0,85145.5,100.0,371.42857142857144,0,0.0,78687000,250
2023-10-24 10:45:00,84400.0,84600.0,84400.0,84400.0,22100,83956.0,85141.5,200.0,371.42857142857144,0,0.0,78687000,250
2023-10-24 11:00:00,84400.0,84500.0,84300.0,84300.0,22400,83928.0,85133.5,200.0,364.2857142857143,0,0.0,78687000,250
2023-10-24 11:15:00,84300.0,84800.0,84300.0,84800.0,38100,83912.0,85135.0,500.0,378.57142857142856,0,0.0,78687000,250
2023-10-24 13:00:00,84600.0,85500.0,84500.0,85400.0,61000,83912.0,85144.0,1000.0,428.57142857142856,0,0.0,78687000,250
2023-10-24 13:15:00,85400.0,85500.0,85200.0,85500.0,52600,83912.0,85152.5,300.0,421.42857142857144,0,0.0,78687000,250
2023-10-24 13:30:00,85300.0,85900.0,85300.0,85800.0,62900,83922.0,85162.0,600.0,421.42857142857144,0,0.0,78687000,250
2023-10-24 13:45:00,85800.0,85800.0,85500.0,85800.0,81700,83932.0,85172.0,300.0,357.14285714285717,0,0.0,78687000,250
2023-10-24 14:00:00,85800.0,86500.0,85700.0,86000.0,260000,83964.0,85182.0,800.0,414.2857142857143,0,0.0,78687000,250
2023-10-24 14:15:00,86000.0,86000.0,85600.0,85600.0,54000,83986.0,85190.5,400.0,400.0,0,0.0,78687000,250
2023-10-24 14:45:00,86000.0,86000.0,86000.0,86000.0,198800,84016.0,85201.5,0.0,350.0,0,0.0,78687000,250
2023-10-25 09:15:00,85100.0,85400.0,85000.0,85000.0,40200,84026.0,85208.5,400.0,364.2857142857143,0,0.0,78687000,250
2023-10-25 09:30:00,85000.0,85000.0,84700.0,84700.0,26100,84004.0,85213.0,300.0,371.42857142857144,0,0.0,78687000,250
2023-10-25 09:45:00,84700.0,84800.0,84700.0,84700.0,124200,84008.0,85217.5,100.0,371.42857142857144,0,0.0,78687000,250
2023-10-25 10:00:00,84800.0,85000.0,84700.0,84900.0,22500,84022.0,85222.5,300.0,385.7142857142857,0,0.0,78687000,250
2023-10-25 10:15:00,84800.0,84900.0,84700.0,84700.0,49600,84042.0,85226.5,200.0,385.7142857142857,0,0.0,78687000,250
2023-10-25 10:30:00,84700.0,85000.0,84600.0,85000.0,47000,84068.0,85232.5,400.0,400.0,0,0.0,78687000,250
2023-10-25 10:45:00,85000.0,85000.0,84900.0,85000.0,24600,84098.0,85232.5,100.0,371.42857142857144,0,0.0,78687000,250
2023-10-25 11:00:00,85000.0,85100.0,85000.0,85100.0,6300,84128.0,85233.0,100.0,307.14285714285717,0,0.0,78687000,250
2023-10-25 11:15:00,85200.0,85400.0,85200.0,85400.0,15000,84176.0,85233.0,200.0,300.0,0,0.0,78687000,250
2023-10-25 13:00:00,85400.0,85700.0,85100.0,85100.0,94400,84220.0,85234.5,600.0,300.0,0,0.0,78687000,250
2023-10-25 13:15:00,85700.0,85700.0,84900.0,85000.0,154400,84250.0,85237.5,800.0,335.7142857142857,0,0.0,78687000,250
2023-10-25 13:30:00,85000.0,85500.0,85000.0,85000.0,78400,84294.0,85240.5,500.0,314.2857142857143,0,0.0,78687000,250
2023-10-25 13:45:00,85000.0,85400.0,84900.0,85300.0,43600,84334.0,85245.0,500.0,321.42857142857144,0,0.0,78687000,250
2023-10-25 14:00:00,85400.0,85500.0,85000.0,85100.0,73900,84362.0,85249.0,500.0,357.14285714285717,0,0.0,78687000,250
2023-10-25 14:15:00,85100.0,85300.0,85000.0,85300.0,28900,84396.0,85253.5,300.0,350.0,0,0.0,78687000,250
2023-10-25 14:45:00,85800.0,85800.0,85800.0,85800.0,0,84426.0,85261.5,0.0,328.57142857142856,0,0.0,78687000,250
2023-10-26 09:15:00,85000.0,85000.0,83500.0,84400.0,103800,84412.0,85263.0,1500.0,428.57142857142856,0,0.0,78687000,250
2023-10-26 09:30:00,84400.0,84400.0,83900.0,84000.0,57500,84396.0,85262.5,500.0,442.85714285714283,0,0.0,78687000,250
2023-10-26 09:45:00,84000.0,85000.0,83700.0,84600.0,85600,84420.0,85265.0,1300.0,521.4285714285714,0,0.0,78687000,250
2023-10-26 10:00:00,84600.0,84800.0,84600.0,84700.0,53500,84448.0,85268.0,200.0,507.14285714285717,0,0.0,78687000,250
2023-10-26 10:15:00,84700.0,86000.0,84700.0,85700.0,76100,84498.0,85276.0,1300.0,592.8571428571429,0,0.0,78687000,250
2023-10-26 10:30:00,85600.0,85700.0,85000.0,85000.0,46600,84534.0,85280.5,700.0,635.7142857142857,0,0.0,78687000,250
2023-10-26 10:45:00,85000.0,85100.0,84900.0,85100.0,57700,84574.0,85285.5,200.0,635.7142857142857,0,0.0,78687000,250
2023-10-26 11:00:00,85000.0,85100.0,84800.0,85000.0,74400,84614.0,85288.0,300.0,614.2857142857143,0,0.0,78687000,250
2023-10-26 11:15:00,84900.0,85500.0,84600.0,84800.0,127000,84650.0,85289.0,900.0,621.4285714285714,0,0.0,78687000,250
2023-10-26 13:00:00,84800.0,85900.0,84700.0,85800.0,160300,84708.0,85288.5,1200.0,671.4285714285714,0,0.0,78687000,250
2023-10-26 13:15:00,85600.0,85800.0,85500.0,85500.0,49200,84764.0,85287.5,300.0,657.1428571428571,0,0.0,78687000,250
2023-10-26 13:30:00,85500.0,85700.0,85400.0,85500.0,70800,84824.0,85286.0,300.0,642.8571428571429,0,0.0,78687000,250
2023-10-26 13:45:00,85500.0,85600.0,84700.0,85000.0,73100,84872.0,85282.0,900.0,685.7142857142857,0,0.0,78687000,250
2023-10-26 14:00:00,84800.0,85500.0,84800.0,85000.0,132900,84920.0,85277.0,700.0,735.7142857142857,0,0.0,78687000,250
2023-10-26 14:15:00,85000.0,85500.0,84700.0,85000.0,104600,84966.0,85272.5,800.0,685.7142857142857,0,0.0,78687000,250
2023-10-26 14:45:00,84500.0,84500.0,84500.0,84500.0,0,84996.0,85264.0,0.0,650.0,0,0.0,78687000,250
2023-10-27 09:15:00,84600.0,84600.0,84000.0,84000.0,35700,84990.0,85254.5,600.0,600.0,0,0.0,78687000,250
2023-10-27 09:30:00,83900.0,84200.0,83900.0,84200.0,34000,84984.0,85245.5,300.0,607.1428571428571,0,0.0,78687000,250
2023-10-27 09:45:00,84200.0,84300.0,84100.0,84100.0,13000,84976.0,85236.0,200.0,528.5714285714286,0,0.0,78687000,250
2023-10-27 10:00:00,84100.0,84300.0,84100.0,84100.0,15100,84970.0,85227.0,200.0,492.85714285714283,0,0.0,78687000,250
2023-10-27 10:15:00,84100.0,84200.0,84000.0,84000.0,18900,84960.0,85217.0,200.0,492.85714285714283,0,0.0,78687000,250
2023-10-27 10:30:00,84000.0,84100.0,84000.0,84000.0,23200,84950.0,85207.0,100.0,478.57142857142856,0,0.0,78687000,250
2023-10-27 10:45:00,84000.0,84500.0,84000.0,84100.0,34700,84944.0,85197.0,500.0,450.0,0,0.0,78687000,250
2023-10-27 11:00:00,84500.0,85000.0,84100.0,84600.0,29400,84948.0,85190.0,900.0,428.57142857142856,0,0.0,78687000,250
2023-10-27 11:15:00,84600.0,84700.0,84300.0,84300.0,37600,84946.0,85181.0,400.0,435.7142857142857,0,0.0,78687000,250
2023-10-27 13:00:00,84300.0,84900.0,84200.0,84300.0,46700,84946.0,85172.0,700.0,464.2857142857143,0,0.0,78687000,250
2023-10-27 13:15:00,84300.0,84500.0,84200.0,84400.0,84900,84938.0,85164.0,300.0,421.42857142857144,0,0.0,78687000,250
2023-10-27 13:30:00,84200.0,84300.0,83800.0,83800.0,168700,84906.0,85153.0,500.0,407.14285714285717,0,0.0,78687000,250
2023-10-27 13:45:00,83800.0,84300.0,83800.0,84000.0,87100,84876.0,85144.0,500.0,385.7142857142857,0,0.0,78687000,250
2023-10-27 14:00:00,84000.0,84700.0,83900.0,84000.0,107300,84840.0,85134.5,800.0,442.85714285714283,0,0.0,78687000,250
2023-10-27 14:15:00,84000.0,84900.0,83900.0,84900.0,113400,84822.0,85129.0,1000.0,471.42857142857144,0,0.0,78687000,250
2023-10-27 14:45:00,85000.0,85000.0,85000.0,85000.0,61700,84802.0,85124.5,0.0,450.0,0,0.0,78687000,250
2023-10-30 09:15:00,83500.0,84700.0,83500.0,84000.0,16400,84770.0,85114.0,1200.0,521.4285714285714,0,0.0,78687000,250
2023-10-30 09:30:00,84000.0,84400.0,84000.0,84400.0,4600,84738.0,85106.0,400.0,535.7142857142857,0,0.0,78687000,250
2023-10-30 09:45:00,84400.0,84400.0,84100.0,84100.0,9100,84720.0,85097.0,300.0,542.8571428571429,0,0.0,78687000,250
2023-10-30 10:00:00,84200.0,84400.0,84100.0,84300.0,4700,84712.0,85089.5,300.0,557.1428571428571,0,0.0,78687000,250
2023-10-30 10:15:00,84400.0,84600.0,84400.0,84600.0,21300,84710.0,85083.5,200.0,535.7142857142857,0,0.0,78687000,250
2023-10-30 10:30:00,84500.0,85000.0,84500.0,84800.0,20900,84708.0,85077.0,500.0,507.14285714285717,0,0.0,78687000,250
2023-10-30 10:45:00,84800.0,84900.0,84800.0,84900.0,12900,84712.0,85070.0,100.0,485.7142857142857,0,0.0,78687000,250
2023-10-30 11:00:00,84900.0,84900.0,84800.0,84800.0,15000,84708.0,85062.5,100.0,442.85714285714283,0,0.0,78687000,250
2023-10-30 11:15:00,84800.0,85800.0,84700.0,85000.0,64300,84708.0,85055.0,1100.0,500.0,0,0.0,78687000,250
2023-10-30 13:00:00,85000.0,85700.0,84900.0,85200.0,20700,84710.0,85048.0,800.0,521.4285714285714,0,0.0,78687000,250
2023-10-30 13:15:00,85200.0,85700.0,85200.0,85700.0,33600,84716.0,85045.0,500.0,521.4285714285714,0,0.0,78687000,250
2023-10-30 13:30:00,85700.0,85700.0,85400.0,85400.0,40400,84722.0,85041.0,300.0,485.7142857142857,0,0.0,78687000,250
2023-10-30 13:45:00,85400.0,85800.0,85400.0,85800.0,54200,84738.0,85040.0,400.0,442.85714285714283,0,0.0,78687000,250
2023-10-30 14:00:00,85800.0,86000.0,85700.0,86000.0,69900,84758.0,85041.5,300.0,464.2857142857143,0,0.0,78687000,250
2023-10-30 14:15:00,86000.0,86000.0,85300.0,85300.0,122300,84758.0,85039.0,700.0,428.57142857142856,0,0.0,78687000,250
2023-10-30 14:45:00,85900.0,85900.0,85900.0,85900.0,0,84774.0,85038.5,0.0,400.0,0,0.0,78687000,250
2023-10-31 09:15:00,85900.0,85900.0,84900.0,85200.0,52700,84772.0,85033.5,1000.0,450.0,0,0.0,78687000,250
2023-10-31 09:30:00,85200.0,85400.0,85000.0,85200.0,35500,84760.0,85029.0,400.0,457.14285714285717,0,0.0,78687000,250
2023-10-31 09:45:00,85100.0,85300.0,85100.0,85300.0,16600,84778.0,85025.5,200.0,457.14285714285717,0,0.0,78687000,250
2023-10-31 10:00:00,85200.0,86000.0,85100.0,86000.0,37700,84818.0,85025.0,900.0,485.7142857142857,0,0.0,78687000,250
2023-10-31 10:15:00,85900.0,86000.0,85700.0,85900.0,24200,84844.0,85024.5,300.0,500.0,0,0.0,78687000,250
2023-10-31 10:30:00,85900.0,86000.0,85800.0,86000.0,67000,84870.0,85024.5,200.0,507.14285714285717,0,0.0,78687000,250
2023-10-31 10:45:00,85800.0,86000.0,85800.0,86000.0,24400,84876.0,85024.5,200.0,442.85714285714283,0,0.0,78687000,250
2023-10-31 11:00:00,86000.0,86300.0,85900.0,86300.0,100500,84902.0,85024.5,400.0,414.2857142857143,0,0.0,78687000,250
2023-10-31 11:15:00,86300.0,86500.0,86200.0,86500.0,57800,84930.0,85027.0,300.0,400.0,0,0.0,78687000,250
2023-10-31 13:00:00,86400.0,86500.0,86300.0,86300.0,51300,84956.0,85030.0,200.0,392.85714285714283,0,0.0,78687000,250
2023-10-31 13:15:00,86400.0,86400.0,86300.0,86400.0,28100,84988.0,85031.5,100.0,371.42857142857144,0,0.0,78687000,250
2023-10-31 13:30:00,86300.0,86500.0,86300.0,86400.0,75200,85000.0,85034.0,200.0,364.2857142857143,0,0.0,78687000,250
2023-10-31 13:45:00,86400.0,86800.0,86300.0,86700.0,232000,85024.0,85038.0,500.0,350.0,0,0.0,78687000,250
2023-10-31 14:00:00,86700.0,86900.0,86500.0,86600.0,186600,85046.0,85041.0,400.0,378.57142857142856,1,0.0,78687000,250
2023-10-31 14:15:00,86600.0,86900.0,85800.0,86600.0,321100,85078.0,85043.5,1100.0,385.7142857142857,1,1.0,77821000,260
2023-10-31 14:45:00,86800.0,86800.0,86800.0,86800.0,127600,85114.0,85047.0,0.0,357.14285714285717,1,1.0,76953000,270
2023-11-01 09:15:00,86800.0,86800.0,86100.0,86500.0,20200,85144.0,85049.0,700.0,392.85714285714283,1,1.0,76088000,280
2023-11-01 09:30:00,86500.0,86800.0,86500.0,86700.0,39000,85188.0,85052.0,300.0,350.0,1,1.0,75221000,290
2023-11-01 09:45:00,86800.0,86800.0,86700.0,86700.0,41200,85242.0,85055.5,100.0,335.7142857142857,1,1.0,74354000,300
2023-11-01 10:00:00,86800.0,87000.0,86800.0,87000.0,69800,85298.0,85060.5,200.0,335.7142857142857,1,1.0,73484000,310
2023-11-01 10:15:00,87000.0,87000.0,86800.0,87000.0,49100,85356.0,85065.0,200.0,335.7142857142857,1,1.0,72614000,320
2023-11-01 10:30:00,86900.0,87000.0,86800.0,86800.0,53100,85410.0,85068.5,200.0,321.42857142857144,1,1.0,71746000,330
2023-11-01 10:45:00,86900.0,87100.0,86900.0,87000.0,73400,85470.0,85071.5,200.0,314.2857142857143,1,1.0,70876000,340
2023-11-01 11:00:00,87000.0,87100.0,87000.0,87000.0,53100,85530.0,85074.5,100.0,307.14285714285717,1,1.0,70006000,350
2023-11-01 11:15:00,87000.0,87000.0,86700.0,86800.0,101800,85584.0,85075.5,300.0,321.42857142857144,1,1.0,69138000,360
2023-11-01 13:00:00,86800.0,87000.0,86800.0,87000.0,112800,85632.0,85080.5,200.0,321.42857142857144,1,1.0,68268000,370
2023-11-01 13:15:00,87000.0,87000.0,86800.0,86900.0,60500,85684.0,85084.5,200.0,300.0,1,1.0,67399000,380
2023-11-01 13:30:00,87000.0,87000.0,86900.0,86900.0,46500,85736.0,85088.0,100.0,278.57142857142856,1,1.0,66530000,390
2023-11-01 13:45:00,86900.0,87200.0,86800.0,86900.0,194900,85786.0,85092.5,400.0,228.57142857142858,1,1.0,65661000,400
2023-11-01 14:00:00,87100.0,87500.0,86800.0,87400.0,169400,85858.0,85100.5,700.0,278.57142857142856,1,1.0,64787000,410
2023-11-01 14:15:00,87500.0,87500.0,86900.0,87500.0,203900,85928.0,85107.5,600.0,271.42857142857144,1,1.0,63912000,420
2023-11-01 14:45:00,87800.0,87800.0,87800.0,87800.0,0,86004.0,85117.0,0.0,250.0,1,1.0,63034000,430
2023-11-02 09:15:00,88000.0,88200.0,87600.0,87900.0,38200,86064.0,85127.0,600.0,285.7142857142857,1,1.0,62155000,440
2023-11-02 09:30:00,87800.0,87800.0,87600.0,87600.0,16700,86116.0,85135.0,200.0,285.7142857142857,1,1.0,61279000,450
2023-11-02 09:45:00,87700.0,87700.0,87500.0,87500.0,22700,86186.0,85143.5,200.0,285.7142857142857,1,1.0,60404000,460
2023-11-02 10:00:00,87600.0,87600.0,87300.0,87400.0,33300,86246.0,85151.5,300.0,292.85714285714283,1,1.0,59530000,470
2023-11-02 10:15:00,87400.0,87500.0,87300.0,87400.0,24900,86312.0,85159.0,200.0,292.85714285714283,1,1.0,58656000,480
2023-11-02 10:30:00,87400.0,87600.0,87400.0,87500.0,27500,86376.0,85166.5,200.0,300.0,1,1.0,57781000,490
2023-11-02 10:45:00,87600.0,87600.0,87500.0,87600.0,24000,86436.0,85174.5,100.0,285.7142857142857,1,1.0,56905000,500
2023-11-02 11:00:00,87600.0,87700.0,87500.0,87600.0,61500,86492.0,85182.5,200.0,285.7142857142857,1,1.0,56029000,510
2023-11-02 11:15:00,87600.0,87600.0,87000.0,87000.0,103900,86534.0,85187.0,600.0,314.2857142857143,1,1.0,55159000,520
2023-11-02 13:00:00,87000.0,87200.0,86900.0,87000.0,39400,86578.0,85192.0,300.0,328.57142857142856,1,1.0,54289000,530
2023-11-02 13:15:00,87000.0,87100.0,86900.0,87000.0,61400,86618.0,85197.0,200.0,314.2857142857143,1,1.0,53419000,540
2023-11-02 13:30:00,86900.0,87000.0,86700.0,87000.0,58100,86654.0,85202.5,300.0,285.7142857142857,1,1.0,52549000,550
2023-11-02 13:45:00,86900.0,87000.0,86600.0,86900.0,115800,86678.0,85207.0,400.0,271.42857142857144,1,1.0,51680000,560
2023-11-02 14:00:00,86900.0,87600.0,86800.0,87000.0,216400,86710.0,85211.0,800.0,328.57142857142856,1,1.0,50810000,570
2023-11-02 14:15:00,87100.0,88500.0,87100.0,88500.0,145400,86764.0,85222.5,1400.0,385.7142857142857,1,1.0,49925000,580
2023-11-02 14:45:00,89000.0,89000.0,89000.0,89000.0,0,86824.0,85236.0,0.0,371.42857142857144,1,1.0,49035000,590
2023-11-03 09:15:00,89000.0,89000.0,88100.0,88800.0,64200,86894.0,85248.5,900.0,421.42857142857144,1,1.0,48147000,600
2023-11-03 09:30:00,88700.0,88900.0,88600.0,88800.0,60000,86952.0,85261.0,300.0,421.42857142857144,1,1.0,47259000,610
2023-11-03 09:45:00,88700.0,89000.0,88700.0,89000.0,29600,87028.0,85275.0,300.0,428.57142857142856,1,1.0,46369000,620
2023-11-03 10:00:00,88900.0,89000.0,88900.0,88900.0,33400,87102.0,85289.0,100.0,421.42857142857144,1,1.0,45480000,630
2023-11-03 10:15:00,89000.0,89000.0,88800.0,88900.0,43000,87174.0,85303.0,200.0,428.57142857142856,1,1.0,44591000,640
2023-11-03 10:30:00,88900.0,89000.0,88800.0,88800.0,35200,87230.0,85316.5,200.0,428.57142857142856,1,1.0,43703000,650
2023-11-03 10:45:00,88800.0,89000.0,88800.0,89000.0,44800,87292.0,85332.5,200.0,400.0,1,1.0,42813000,660
2023-11-03 11:00:00,89000.0,89000.0,88800.0,88900.0,36500,87350.0,85349.5,200.0,392.85714285714283,1,1.0,41924000,670
2023-11-03 11:15:00,89000.0,89000.0,88800.0,88800.0,87000,87406.0,85364.0,200.0,392.85714285714283,1,1.0,41036000,680
2023-11-03 13:00:00,88800.0,89000.0,88600.0,88700.0,60000,87454.0,85381.0,400.0,400.0,1,1.0,40149000,690
2023-11-03 13:15:00,88700.0,89100.0,88700.0,89000.0,131100,87504.0,85401.0,400.0,400.0,1,1.0,39259000,700
2023-11-03 13:30:00,89100.0,89300.0,88900.0,89200.0,72100,87562.0,85421.0,400.0,371.42857142857144,1,1.0,38367000,710
2023-11-03 13:45:00,89200.0,89400.0,89000.0,89200.0,89500,87618.0,85441.0,400.0,300.0,1,1.0,37475000,720
2023-11-03 14:00:00,89100.0,89400.0,89000.0,89000.0,87000,87670.0,85460.5,400.0,328.57142857142856,1,1.0,36585000,730
2023-11-03 14:15:00,89100.0,89400.0,89000.0,89300.0,102400,87722.0,85481.5,400.0,292.85714285714283,1,1.0,35692000,740
2023-11-03 14:45:00,88900.0,88900.0,88900.0,88900.0,181800,87768.0,85500.5,0.0,271.42857142857144,1,1.0,34803000,750
2023-11-06 09:15:00,88900.0,89800.0,88900.0,89800.0,133200,87832.0,85524.0,900.0,314.2857142857143,1,1.0,33905000,760
2023-11-06 09:30:00,89800.0,89800.0,89600.0,89600.0,54300,87888.0,85546.0,200.0,321.42857142857144,1,1.0,33009000,770
2023-11-06 09:45:00,89600.0,89600.0,89500.0,89600.0,61500,87950.0,85568.5,100.0,314.2857142857143,1,1.0,32113000,780
2023-11-06 10:00:00,89600.0,89700.0,89500.0,89500.0,40100,88006.0,85590.5,200.0,314.2857142857143,1,1.0,31218000,790
2023-11-06 10:15:00,89500.0,89600.0,89400.0,89400.0,33200,88060.0,85612.0,200.0,314.2857142857143,1,1.0,30324000,800
2023-11-06 10:30:00,89300.0,89500.0,89300.0,89500.0,14300,88110.0,85633.0,200.0,314.2857142857143,1,1.0,29429000,810
2023-11-06 10:45:00,89500.0,89500.0,89100.0,89100.0,51400,88152.0,85649.5,400.0,328.57142857142856,1,1.0,28538000,820
2023-11-06 11:00:00,89200.0,89200.0,89000.0,89000.0,16800,88196.0,85665.0,200.0,314.2857142857143,1,1.0,27648000,830
2023-11-06 11:15:00,89000.0,89100.0,88500.0,89000.0,46400,88236.0,85680.5,600.0,328.57142857142856,1,1.0,26758000,840
2023-11-06 13:00:00,88600.0,89000.0,88600.0,88800.0,26700,88272.0,85698.0,400.0,328.57142857142856,1,1.0,25870000,850
2023-11-06 13:15:00,88900.0,89000.0,88800.0,88900.0,49200,88314.0,85713.5,200.0,314.2857142857143,1,1.0,24981000,860
2023-11-06 13:30:00,88900.0,89000.0,88800.0,89000.0,57500,88354.0,85729.0,200.0,300.0,1,1.0,24091000,870
2023-11-06 13:45:00,89000.0,89300.0,89000.0,89100.0,42900,88398.0,85746.0,300.0,292.85714285714283,1,1.0,23200000,880
2023-11-06 14:00:00,89100.0,89400.0,88800.0,89100.0,76700,88442.0,85763.0,600.0,335.7142857142857,1,1.0,22309000,890
2023-11-06 14:15:00,89000.0,89300.0,88700.0,88700.0,63600,88478.0,85778.5,600.0,314.2857142857143,1,1.0,21422000,900
2023-11-06 14:45:00,89500.0,89500.0,89500.0,89500.0,0,88520.0,85799.0,0.0,300.0,1,1.0,20527000,910
2023-11-07 09:15:00,89000.0,89300.0,88700.0,88900.0,38700,88548.0,85816.0,600.0,335.7142857142857,1,1.0,19638000,920
2023-11-07 09:30:00,88900.0,88900.0,88500.0,88500.0,19000,88562.0,85832.0,400.0,350.0,1,1.0,18753000,930
2023-11-07 09:45:00,88600.0,88800.0,88500.0,88600.0,60500,88576.0,85848.5,300.0,357.14285714285717,1,1.0,17867000,940
2023-11-07 10:00:00,88600.0,88700.0,88400.0,88400.0,26300,88592.0,85868.5,300.0,364.2857142857143,1,1.0,16983000,950
2023-11-07 10:15:00,88500.0,88500.0,88300.0,88400.0,29400,88610.0,85888.0,200.0,350.0,1,1.0,16099000,960
2023-11-07 10:30:00,88500.0,88600.0,88400.0,88500.0,18200,88632.0,85908.0,200.0,350.0,1,1.0,15214000,970
2023-11-07 10:45:00,88600.0,88700.0,88500.0,88500.0,11300,88654.0,85928.0,200.0,321.42857142857144,1,1.0,14329000,980
2023-11-07 11:00:00,88500.0,88600.0,88500.0,88500.0,8700,88674.0,85941.5,100.0,300.0,1,1.0,13444000,990
2023-11-07 11:15:00,88600.0,88600.0,88500.0,88500.0,18300,88692.0,85961.5,100.0,292.85714285714283,1,1.0,12559000,1000
2023-11-07 13:00:00,88500.0,88700.0,88500.0,88600.0,22300,88712.0,85983.5,200.0,292.85714285714283,1,1.0,11673000,1010
2023-11-07 13:15:00,88600.0,88700.0,88600.0,88600.0,84000,88744.0,86008.0,100.0,278.57142857142856,1,1.0,10787000,1020
2023-11-07 13:30:00,88600.0,88800.0,88600.0,88800.0,19300,88780.0,86033.5,200.0,250.0,1,1.0,9899000,1030
2023-11-07 13:45:00,88700.0,88800.0,88600.0,88600.0,17800,88812.0,86059.0,200.0,221.42857142857142,1,1.0,9013000,1040
2023-11-07 14:00:00,88600.0,88700.0,88600.0,88600.0,21000,88844.0,86084.0,100.0,228.57142857142858,1,1.0,8127000,1050
2023-11-07 14:15:00,88600.0,88700.0,88600.0,88700.0,32900,88880.0,86112.5,100.0,192.85714285714286,1,1.0,7240000,1060
2023-11-07 14:45:00,88300.0,88300.0,88300.0,88300.0,91200,88906.0,86139.5,0.0,164.28571428571428,1,1.0,6357000,1070
2023-11-08 09:15:00,88000.0,88300.0,88000.0,88200.0,12100,88900.0,86163.0,300.0,164.28571428571428,1,1.0,5475000,1080
2023-11-08 09:30:00,88300.0,88400.0,88100.0,88200.0,24100,88884.0,86190.0,300.0,164.28571428571428,1,1.0,4593000,1090
2023-11-08 09:45:00,88300.0,88300.0,88200.0,88200.0,27500,88872.0,86214.5,100.0,157.14285714285714,1,1.0,3711000,1100
2023-11-08 10:00:00,88200.0,88300.0,88200.0,88200.0,19900,88860.0,86237.0,100.0,150.0,1,1.0,2829000,1110
2023-11-08 10:15:00,88200.0,88400.0,88200.0,88200.0,36600,88844.0,86260.0,200.0,150.0,1,1.0,1947000,1120
2023-11-08 10:30:00,88200.0,88300.0,88200.0,88200.0,13300,88830.0,86279.5,100.0,150.0,1,1.0,1065000,1130
2023-11-08 10:45:00,88300.0,88300.0,88100.0,88200.0,27100,88816.0,86295.0,200.0,157.14285714285714,1,1.0,183000,1140
2023-11-08 11:00:00,88200.0,88300.0,88200.0,88200.0,21900,88804.0,86312.0,100.0,150.0,1,1.0,183000,1140
2023-11-08 11:15:00,88200.0,88300.0,88200.0,88200.0,8800,88788.0,86336.0,100.0,150.0,1,1.0,183000,1140
2023-11-08 13:00:00,88200.0,88400.0,88200.0,88200.0,23900,88774.0,86360.5,200.0,150.0,1,1.0,183000,1140
2023-11-08 13:15:00,88200.0,88200.0,87900.0,88000.0,145200,88758.0,86384.5,300.0,157.14285714285714,1,1.0,183000,1140
2023-11-08 13:30:00,88000.0,88200.0,87900.0,88200.0,67200,88748.0,86409.5,300.0,171.42857142857142,1,1.0,183000,1140
2023-11-08 13:45:00,88200.0,89500.0,88100.0,89000.0,131100,88748.0,86439.0,1400.0,264.2857142857143,1,1.0,183000,1140
2023-11-08 14:00:00,89100.0,89500.0,89100.0,89500.0,398900,88754.0,86471.5,400.0,292.85714285714283,1,1.0,183000,1140
2023-11-08 14:15:00,89500.0,89700.0,89400.0,89700.0,296600,88764.0,86505.0,300.0,292.85714285714283,1,1.0,183000,1140
2023-11-08 14:45:00,89500.0,89500.0,89500.0,89500.0,72999,88774.0,86538.0,0.0,271.42857142857144,1,1.0,183000,1140
2023-11-09 09:15:00,89500.0,89500.0,89000.0,89000.0,14500,88768.0,86569.5,500.0,300.0,1,1.0,183000,1140
2023-11-09 09:30:00,88900.0,89100.0,88900.0,88900.0,33600,88768.0,86601.5,200.0,307.14285714285717,1,1.0,183000,1140
2023-11-09 09:45:00,88900.0,88900.0,88800.0,88900.0,58700,88750.0,86633.0,100.0,300.0,1,1.0,183000,1140
2023-11-09 10:00:00,88900.0,88900.0,88500.0,88600.0,78300,88730.0,86663.0,400.0,321.42857142857144,1,1.0,183000,1140
2023-11-09 10:15:00,88600.0,88800.0,88500.0,88800.0,46700,88714.0,86693.5,300.0,328.57142857142856,1,1.0,183000,1140
2023-11-09 10:30:00,88800.0,89000.0,88700.0,88900.0,82100,88702.0,86723.0,300.0,342.85714285714283,1,1.0,183000,1140
2023-11-09 10:45:00,88800.0,88900.0,88700.0,88700.0,75600,88688.0,86745.0,200.0,350.0,1,1.0,183000,1140
2023-11-09 11:00:00,88700.0,88900.0,88700.0,88800.0,42400,88674.0,86766.5,200.0,350.0,1,1.0,183000,1140
2023-11-09 11:15:00,88800.0,89000.0,88700.0,89000.0,76200,88672.0,86789.0,300.0,350.0,1,1.0,183000,1140
2023-11-09 13:00:00,88900.0,89200.0,88700.0,89200.0,39200,88676.0,86813.0,500.0,364.2857142857143,1,1.0,183000,1140
2023-11-09 13:15:00,89100.0,89100.0,88700.0,88700.0,58100,88670.0,86834.0,400.0,292.85714285714283,1,1.0,183000,1140
2023-11-09 13:30:00,88800.0,88800.0,88200.0,88200.0,132700,88658.0,86852.5,600.0,307.14285714285717,1,1.0,183000,1140
2023-11-09 13:45:00,88200.0,88300.0,88000.0,88200.0,123000,88644.0,86871.5,300.0,307.14285714285717,1,1.0,183000,1140
2023-11-09 14:00:00,88300.0,88600.0,88100.0,88300.0,108000,88630.0,86891.0,500.0,342.85714285714283,1,1.0,183000,1140
2023-11-09 14:15:00,88300.0,88900.0,87900.0,88800.0,164400,88624.0,86913.0,1000.0,378.57142857142856,1,1.0,183000,1140
2023-11-09 14:45:00,87900.0,87900.0,87900.0,87900.0,0,88600.0,86931.0,0.0,364.2857142857143,1,1.0,183000,1140
2023-11-10 09:15:00,87100.0,87500.0,86300.0,86400.0,125400,88554.0,86939.0,1200.0,442.85714285714283,1,1.0,183000,1140
2023-11-10 09:30:00,86400.0,86600.0,86400.0,86500.0,98800,88494.0,86944.5,200.0,428.57142857142856,1,1.0,183000,1140
2023-11-10 09:45:00,86500.0,86600.0,86300.0,86400.0,72700,88444.0,86949.0,300.0,428.57142857142856,1,1.0,183000,1140
2023-11-10 10:00:00,86400.0,86500.0,86200.0,86200.0,66100,88398.0,86951.0,300.0,428.57142857142856,1,1.0,183000,1140
2023-11-10 10:15:00,86200.0,86300.0,86100.0,86200.0,66100,88350.0,86953.0,200.0,428.57142857142856,1,1.0,183000,1140
2023-11-10 10:30:00,86100.0,86300.0,86100.0,86300.0,36100,88308.0,86954.5,200.0,428.57142857142856,1,1.0,183000,1140
2023-11-10 10:45:00,86300.0,86400.0,86300.0,86300.0,52500,88266.0,86958.0,100.0,414.2857142857143,1,1.0,183000,1140
2023-11-10 11:00:00,86300.0,86400.0,86300.0,86300.0,50200,88222.0,86959.5,100.0,385.7142857142857,1,1.0,183000,1140
2023-11-10 11:15:00,86300.0,86400.0,86300.0,86400.0,56800,88180.0,86966.5,100.0,364.2857142857143,1,1.0,183000,1140
2023-11-10 13:00:00,86400.0,86500.0,86200.0,86300.0,75500,88136.0,86974.5,300.0,342.85714285714283,1,1.0,183000,1140
2023-11-10 13:15:00,86400.0,86500.0,86300.0,86500.0,55600,88096.0,86983.5,200.0,335.7142857142857,1,1.0,183000,1140
2023-11-10 13:30:00,86500.0,86800.0,86400.0,86800.0,102800,88060.0,86993.0,400.0,328.57142857142856,1,1.0,183000,1140
2023-11-10 13:45:00,86600.0,86800.0,86200.0,86400.0,125500,88016.0,87001.5,600.0,300.0,1,1.0,183000,1140
2023-11-10 14:00:00,86400.0,86500.0,86300.0,86300.0,120400,87966.0,87008.0,200.0,314.2857142857143,1,1.0,183000,1140
2023-11-10 14:15:00,86500.0,86500.0,86000.0,86400.0,191800,87922.0,87015.0,500.0,264.2857142857143,1,1.0,183000,1140
2023-11-10 14:45:00,86000.0,86000.0,86000.0,86000.0,114700,87870.0,87019.5,0.0,250.0,1,1.0,183000,1140
2023-11-13 09:15:00,86000.0,86100.0,85900.0,85900.0,34800,87814.0,87022.0,200.0,242.85714285714286,1,1.0,183000,1140
2023-11-13 09:30:00,85900.0,86000.0,85700.0,85800.0,43800,87764.0,87025.5,300.0,242.85714285714286,1,1.0,183000,1140
2023-11-13 09:45:00,85800.0,85900.0,85800.0,85800.0,45700,87716.0,87029.5,100.0,235.71428571428572,1,1.0,183000,1140
2023-11-13 10:00:00,85800.0,85800.0,85600.0,85600.0,43400,87664.0,87032.5,200.0,235.71428571428572,1,1.0,183000,1140
2023-11-13 10:15:00,85600.0,85800.0,85600.0,85700.0,23200,87614.0,87034.5,200.0,242.85714285714286,1,1.0,183000,1140
2023-11-13 10:30:00,85700.0,85800.0,85600.0,85700.0,40700,87564.0,87037.5,200.0,250.0,1,1.0,183000,1140
2023-11-13 10:45:00,85700.0,85700.0,85600.0,85600.0,40200,87512.0,87039.0,100.0,250.0,1,1.0,183000,1140
2023-11-13 11:00:00,85600.0,85900.0,85600.0,85800.0,87100,87464.0,87039.0,300.0,250.0,1,1.0,183000,1140
2023-11-13 11:15:00,85800.0,85900.0,85700.0,85700.0,61700,87414.0,87045.5,200.0,250.0,1,1.0,183000,1140
2023-11-13 13:00:00,85700.0,85800.0,85600.0,85600.0,61900,87362.0,87053.5,200.0,235.71428571428572,1,1.0,183000,1140
2023-11-13 13:15:00,85600.0,85700.0,85600.0,85700.0,75700,87312.0,87059.0,100.0,200.0,1,1.0,183000,1140
2023-11-13 13:30:00,85600.0,85800.0,85600.0,85700.0,138900,87262.0,87064.0,200.0,200.0,1,1.0,183000,1140
2023-11-13 13:45:00,85700.0,85800.0,85600.0,85600.0,72900,87214.0,87063.5,200.0,178.57142857142858,1,1.0,183000,1140
2023-11-13 14:00:00,85500.0,85600.0,85500.0,85500.0,98800,87160.0,87066.0,100.0,185.71428571428572,1,1.0,183000,1140
2023-11-13 14:15:00,85500.0,85700.0,85400.0,85600.0,2296286,87092.0,87068.5,300.0,192.85714285714286,1,1.0,183000,1140
2023-11-13 14:45:00,85500.0,85500.0,85500.0,85500.0,0,87012.0,87071.0,0.0,171.42857142857142,0,1.0,183000,1140
2023-11-14 09:15:00,86000.0,86500.0,85900.0,85900.0,29300,86936.0,87076.5,600.0,207.14285714285714,0,0.0,183000,1140
2023-11-14 09:30:00,85900.0,86100.0,85900.0,85900.0,74900,86864.0,87077.0,200.0,207.14285714285714,0,0.0,183000,1140
2023-11-14 09:45:00,85900.0,86100.0,85900.0,86100.0,36400,86806.0,87080.0,200.0,207.14285714285714,0,0.0,183000,1140
2023-11-14 10:00:00,86000.0,86000.0,85700.0,85800.0,26400,86744.0,87081.5,300.0,214.28571428571428,0,0.0,183000,1140
2023-11-14 10:15:00,85700.0,85900.0,85700.0,85900.0,97300,86684.0,87086.0,200.0,221.42857142857142,0,0.0,183000,1140
2023-11-14 10:30:00,85900.0,86300.0,85800.0,86100.0,194300,86634.0,87091.5,500.0,235.71428571428572,0,0.0,183000,1140
2023-11-14 10:45:00,86100.0,86100.0,85800.0,85800.0,36400,86574.0,87095.5,300.0,242.85714285714286,0,0.0,183000,1140
2023-11-14 11:00:00,85900.0,86000.0,85800.0,85900.0,32200,86514.0,87102.5,200.0,242.85714285714286,0,0.0,183000,1140
2023-11-14 11:15:00,85900.0,86000.0,85800.0,85800.0,13100,86456.0,87111.5,200.0,250.0,0,0.0,183000,1140
2023-11-14 13:00:00,85900.0,85900.0,85800.0,85800.0,35600,86396.0,87119.5,100.0,242.85714285714286,0,0.0,183000,1140
2023-11-14 13:15:00,85800.0,85900.0,85800.0,85800.0,41400,86332.0,87128.0,100.0,235.71428571428572,0,0.0,183000,1140
2023-11-14 13:30:00,85800.0,85900.0,85700.0,85700.0,161500,86262.0,87136.0,200.0,242.85714285714286,0,0.0,183000,1140
2023-11-14 13:45:00,85800.0,85800.0,85400.0,85500.0,128900,86198.0,87143.5,400.0,250.0,0,0.0,183000,1140
2023-11-14 14:00:00,85500.0,85700.0,85400.0,85600.0,112100,86146.0,87151.5,300.0,271.42857142857144,0,0.0,183000,1140
2023-11-14 14:15:00,85500.0,86000.0,85400.0,85900.0,36000,86100.0,87160.5,600.0,271.42857142857144,0,0.0,183000,1140
2023-11-14 14:45:00,86000.0,86000.0,86000.0,86000.0,30700,86054.0,87167.5,0.0,257.14285714285717,0,0.0,183000,1140
2023-11-15 09:15:00,86500.0,87300.0,86500.0,87200.0,118000,86022.0,87182.0,800.0,300.0,0,0.0,183000,1140
2023-11-15 09:30:00,87200.0,87300.0,87000.0,87000.0,48000,86004.0,87195.5,300.0,300.0,0,0.0,183000,1140
2023-11-15 09:45:00,87000.0,87200.0,86900.0,87100.0,71700,86018.0,87209.0,300.0,307.14285714285717,0,0.0,183000,1140
2023-11-15 10:00:00,87100.0,87500.0,87000.0,87500.0,147200,86038.0,87227.5,500.0,307.14285714285717,0,0.0,183000,1140
2023-11-15 10:15:00,87500.0,87700.0,87400.0,87600.0,101800,86062.0,87245.5,300.0,307.14285714285717,0,0.0,183000,1140
2023-11-15 10:30:00,87600.0,87600.0,87400.0,87400.0,67700,86086.0,87262.5,200.0,307.14285714285717,0,0.0,183000,1140
2023-11-15 10:45:00,87400.0,87700.0,87400.0,87500.0,68700,86112.0,87275.5,300.0,314.2857142857143,0,0.0,183000,1140
2023-11-15 11:00:00,87500.0,87700.0,87500.0,87600.0,69500,86138.0,87288.5,200.0,321.42857142857144,0,0.0,183000,1140
2023-11-15 11:15:00,87600.0,87700.0,87600.0,87600.0,43800,86164.0,87306.5,100.0,321.42857142857144,0,0.0,183000,1140
2023-11-15 13:00:00,87600.0,87700.0,87400.0,87400.0,130000,86186.0,87321.5,300.0,328.57142857142856,0,0.0,183000,1140
2023-11-15 13:15:00,87400.0,87400.0,87000.0,87100.0,148600,86200.0,87336.5,400.0,328.57142857142856,0,0.0,183000,1140
2023-11-15 13:30:00,87100.0,87100.0,86800.0,86900.0,2396400,86212.0,87349.5,300.0,328.57142857142856,0,0.0,183000,1140
2023-11-15 13:45:00,86900.0,87000.0,86700.0,86800.0,202400,86218.0,87360.5,300.0,307.14285714285717,0,0.0,183000,1140
2023-11-15 14:00:00,86900.0,87100.0,86800.0,86900.0,135500,86220.0,87371.0,300.0,328.57142857142856,0,0.0,183000,1140
2023-11-15 14:15:00,87000.0,87200.0,86700.0,87200.0,177700,86236.0,87382.5,500.0,307.14285714285717,0,0.0,183000,1140
2023-11-15 14:45:00,87700.0,87700.0,87700.0,87700.0,209000,86264.0,87397.0,0.0,285.7142857142857,0,0.0,183000,1140
2023-11-16 09:15:00,87000.0,87600.0,87000.0,87100.0,34600,86278.0,87407.5,600.0,307.14285714285717,0,0.0,183000,1140
2023-11-16 09:30:00,87100.0,87200.0,87000.0,87000.0,50000,86298.0,87416.5,200.0,285.7142857142857,0,0.0,183000,1140
2023-11-16 09:45:00,87000.0,87100.0,87000.0,87000.0,35700,86320.0,87423.0,100.0,271.42857142857144,0,0.0,183000,1140
2023-11-16 10:00:00,87100.0,87100.0,86900.0,87000.0,52900,86344.0,87431.0,200.0,271.42857142857144,0,0.0,183000,1140
2023-11-16 10:15:00,86900.0,87000.0,86900.0,87000.0,36000,86368.0,87437.0,100.0,257.14285714285717,0,0.0,183000,1140
2023-11-16 10:30:00,86900.0,87100.0,86900.0,86900.0,65200,86394.0,87441.5,200.0,257.14285714285717,0,0.0,183000,1140
2023-11-16 10:45:00,87000.0,87000.0,86800.0,86900.0,45300,86418.0,87449.5,200.0,264.2857142857143,0,0.0,183000,1140
2023-11-16 11:00:00,86800.0,87000.0,86800.0,86900.0,46000,86442.0,87454.5,200.0,257.14285714285717,0,0.0,183000,1140
2023-11-16 11:15:00,87000.0,87000.0,86800.0,86900.0,35800,86468.0,87463.0,200.0,242.85714285714286,0,0.0,183000,1140
2023-11-16 13:00:00,86900.0,87000.0,86700.0,86900.0,111200,86490.0,87471.5,300.0,242.85714285714286,0,0.0,183000,1140
2023-11-16 13:15:00,86900.0,87200.0,86900.0,86900.0,76400,86514.0,87479.5,300.0,242.85714285714286,0,0.0,183000,1140
2023-11-16 13:30:00,87000.0,87100.0,86800.0,87000.0,100000,86542.0,87484.5,300.0,242.85714285714286,0,0.0,183000,1140
2023-11-16 13:45:00,86900.0,87000.0,86800.0,86900.0,60900,86566.0,87489.5,200.0,221.42857142857142,0,0.0,183000,1140
2023-11-16 14:00:00,86900.0,87000.0,86800.0,86900.0,130500,86590.0,87494.0,200.0,235.71428571428572,0,0.0,183000,1140
2023-11-16 14:15:00,86900.0,87100.0,86700.0,86800.0,207400,86614.0,87498.0,400.0,221.42857142857142,0,0.0,183000,1140
2023-11-16 14:45:00,88000.0,88000.0,88000.0,88000.0,240900,86664.0,87506.5,0.0,207.14285714285714,0,0.0,183000,1140
2023-11-17 09:15:00,87800.0,87900.0,87400.0,87600.0,38400,86704.0,87512.0,500.0,235.71428571428572,0,0.0,183000,1140
2023-11-17 09:30:00,87600.0,87700.0,87500.0,87500.0,40300,86744.0,87518.0,200.0,235.71428571428572,0,0.0,183000,1140
2023-11-17 09:45:00,87500.0,87500.0,87400.0,87400.0,40100,86774.0,87523.0,100.0,235.71428571428572,0,0.0,183000,1140
2023-11-17 10:00:00,87400.0,87500.0,87400.0,87400.0,68900,86804.0,87528.0,100.0,228.57142857142858,0,0.0,183000,1140
2023-11-17 10:15:00,87300.0,87400.0,87100.0,87200.0,51700,86826.0,87530.5,300.0,235.71428571428572,0,0.0,183000,1140
2023-11-17 10:30:00,87300.0,87500.0,87200.0,87400.0,24100,86858.0,87534.5,300.0,242.85714285714286,0,0.0,183000,1140
2023-11-17 10:45:00,87300.0,87400.0,87200.0,87200.0,39400,86884.0,87537.5,200.0,242.85714285714286,0,0.0,183000,1140
2023-11-17 11:00:00,87200.0,87200.0,86900.0,87000.0,148700,86902.0,87538.5,300.0,242.85714285714286,0,0.0,183000,1140
2023-11-17 11:15:00,87000.0,87100.0,86900.0,86900.0,34700,86924.0,87540.5,200.0,235.71428571428572,0,0.0,183000,1140
2023-11-17 13:00:00,86900.0,87100.0,86700.0,86800.0,102800,86942.0,87541.0,400.0,242.85714285714286,0,0.0,183000,1140
2023-11-17 13:15:00,86800.0,87000.0,86600.0,86800.0,108700,86962.0,87541.5,400.0,257.14285714285717,0,0.0,183000,1140
2023-11-17 13:30:00,86900.0,86900.0,86400.0,86400.0,119700,86974.0,87538.5,500.0,278.57142857142856,0,0.0,183000,1140
2023-11-17 13:45:00,86400.0,86500.0,85900.0,86100.0,239800,86980.0,87534.0,600.0,292.85714285714283,0,0.0,183000,1140
2023-11-17 14:00:00,86100.0,86300.0,85500.0,86000.0,197100,86986.0,87530.0,800.0,350.0,0,0.0,183000,1140
2023-11-17 14:15:00,85900.0,86900.0,85800.0,86500.0,196900,87006.0,87527.5,1100.0,392.85714285714283,0,0.0,183000,1140
2023-11-17 14:30:00,86500.0,86500.0,86500.0,86500.0,21100,87024.0,87525.0,0.0,378.57142857142856,0,0.0,183000,1140
2023-11-17 14:45:00,85600.0,85600.0,85600.0,85600.0,212300,87018.0,87519.0,0.0,371.42857142857144,0,0.0,183000,1140
2023-11-20 09:15:00,85600.0,85700.0,85000.0,85700.0,108900,87012.0,87512.5,700.0,414.2857142857143,0,0.0,183000,1140
2023-11-20 09:30:00,85700.0,86500.0,85600.0,86300.0,54000,86994.0,87509.5,900.0,457.14285714285717,0,0.0,183000,1140
2023-11-20 09:45:00,86300.0,86300.0,85500.0,85700.0,66200,86968.0,87503.5,800.0,492.85714285714283,0,0.0,183000,1140
2023-11-20 10:00:00,85700.0,86200.0,85600.0,85800.0,31700,86942.0,87498.0,600.0,521.4285714285714,0,0.0,183000,1140
2023-11-20 10:15:00,86000.0,86100.0,85600.0,85700.0,32200,86906.0,87489.5,500.0,535.7142857142857,0,0.0,183000,1140
2023-11-20 10:30:00,85700.0,85800.0,85600.0,85700.0,41100,86868.0,87480.5,200.0,535.7142857142857,0,0.0,183000,1140
2023-11-20 10:45:00,85800.0,85900.0,85600.0,85900.0,39500,86838.0,87471.0,300.0,528.5714285714286,0,0.0,183000,1140
2023-11-20 11:00:00,85900.0,86100.0,85800.0,85900.0,35100,86806.0,87461.0,300.0,521.4285714285714,0,0.0,183000,1140
2023-11-20 11:15:00,85900.0,86300.0,85900.0,86100.0,49000,86776.0,87453.5,400.0,514.2857142857143,0,0.0,183000,1140
2023-11-20 13:00:00,86100.0,86400.0,85900.0,86400.0,99800,86752.0,87448.0,500.0,507.14285714285717,0,0.0,183000,1140
2023-11-20 13:15:00,86300.0,86400.0,86100.0,86100.0,14200,86726.0,87441.5,300.0,471.42857142857144,0,0.0,183000,1140
2023-11-20 13:30:00,86100.0,86400.0,86100.0,86400.0,70000,86712.0,87436.5,300.0,414.2857142857143,0,0.0,183000,1140
2023-11-20 13:45:00,86400.0,86600.0,86100.0,86600.0,136400,86706.0,87432.0,500.0,450.0,0,0.0,183000,1140
2023-11-20 14:00:00,86600.0,87000.0,86300.0,86500.0,120900,86700.0,87426.5,700.0,500.0,0,0.0,183000,1140
2023-11-20 14:15:00,86500.0,86600.0,86000.0,86200.0,161300,86686.0,87419.5,600.0,492.85714285714283,0,0.0,183000,1140
2023-11-20 14:30:00,86400.0,86400.0,86400.0,86400.0,100,86670.0,87416.5,0.0,428.57142857142856,0,0.0,183000,1140
2023-11-20 14:45:00,86100.0,86100.0,86100.0,86100.0,0,86638.0,87412.0,0.0,371.42857142857144,0,0.0,183000,1140
2023-11-21 09:15:00,86100.0,86300.0,86000.0,86300.0,31200,86622.0,87408.5,300.0,350.0,0,0.0,183000,1140
2023-11-21 09:30:00,86400.0,86500.0,86300.0,86300.0,28700,86608.0,87405.0,200.0,328.57142857142856,0,0.0,183000,1140
2023-11-21 09:45:00,86500.0,86500.0,85800.0,86000.0,96200,86588.0,87400.5,700.0,364.2857142857143,0,0.0,183000,1140
2023-11-21 10:00:00,86000.0,86200.0,86000.0,86200.0,24800,86572.0,87396.5,200.0,357.14285714285717,0,0.0,183000,1140
2023-11-21 10:15:00,86100.0,86300.0,86100.0,86100.0,73500,86554.0,87384.5,200.0,350.0,0,0.0,183000,1140
2023-11-21 10:30:00,86200.0,86400.0,86100.0,86200.0,50400,86540.0,87370.5,300.0,342.85714285714283,0,0.0,183000,1140
2023-11-21 10:45:00,86300.0,86700.0,86300.0,86700.0,30500,86536.0,87360.0,400.0,335.7142857142857,0,0.0,183000,1140
2023-11-21 11:00:00,86700.0,86700.0,86300.0,86300.0,54800,86524.0,87347.5,400.0,342.85714285714283,0,0.0,183000,1140
2023-11-21 11:15:00,86400.0,86400.0,86300.0,86400.0,42900,86514.0,87334.5,100.0,328.57142857142856,0,0.0,183000,1140
2023-11-21 13:00:00,86400.0,86400.0,86200.0,86400.0,98400,86504.0,87322.0,200.0,307.14285714285717,0,0.0,183000,1140
2023-11-21 13:15:00,86400.0,86400.0,86300.0,86400.0,73100,86494.0,87309.5,100.0,264.2857142857143,0,0.0,183000,1140
2023-11-21 13:30:00,86400.0,86600.0,86400.0,86500.0,204000,86484.0,87298.0,200.0,235.71428571428572,0,0.0,183000,1140
2023-11-21 13:45:00,86600.0,86700.0,86400.0,86500.0,169700,86476.0,87285.5,300.0,257.14285714285717,0,0.0,183000,1140
2023-11-21 14:00:00,86500.0,86600.0,86400.0,86500.0,162400,86468.0,87273.5,200.0,271.42857142857144,0,0.0,183000,1140
2023-11-21 14:15:00,86400.0,86500.0,86300.0,86500.0,75700,86462.0,87262.0,200.0,264.2857142857143,0,0.0,183000,1140
2023-11-21 14:45:00,86600.0,86600.0,86600.0,86600.0,40100,86434.0,87251.5,0.0,250.0,0,0.0,183000,1140
2023-11-22 09:15:00,86300.0,86300.0,85900.0,86300.0,35500,86408.0,87238.0,400.0,228.57142857142858,0,0.0,183000,1140
2023-11-22 09:30:00,86300.0,86300.0,86000.0,86000.0,30300,86378.0,87222.0,300.0,235.71428571428572,0,0.0,183000,1140
2023-11-22 09:45:00,86000.0,86200.0,85900.0,86000.0,41300,86350.0,87206.0,300.0,242.85714285714286,0,0.0,183000,1140
2023-11-22 10:00:00,86000.0,86300.0,85800.0,86100.0,82600,86324.0,87191.5,500.0,257.14285714285717,0,0.0,183000,1140
2023-11-22 10:15:00,86300.0,86500.0,86000.0,86200.0,25100,86304.0,87176.0,500.0,264.2857142857143,0,0.0,183000,1140
2023-11-22 10:30:00,86200.0,86500.0,86100.0,86100.0,22000,86278.0,87162.0,400.0,264.2857142857143,0,0.0,183000,1140
2023-11-22 10:45:00,86100.0,86200.0,86000.0,86100.0,24100,86256.0,87143.5,200.0,271.42857142857144,0,0.0,183000,1140
2023-11-22 11:00:00,86100.0,86200.0,86000.0,86200.0,32500,86240.0,87126.5,200.0,271.42857142857144,0,0.0,183000,1140
2023-11-22 11:15:00,86200.0,86200.0,86000.0,86000.0,19600,86222.0,87108.5,200.0,278.57142857142856,0,0.0,183000,1140
2023-11-22 13:00:00,86000.0,86000.0,85800.0,85800.0,84600,86202.0,87090.0,200.0,278.57142857142856,0,0.0,183000,1140
2023-11-22 13:15:00,85800.0,85900.0,85700.0,85700.0,143600,86180.0,87071.5,200.0,271.42857142857144,0,0.0,183000,1140
2023-11-22 13:30:00,85700.0,86000.0,85600.0,85800.0,57400,86168.0,87053.0,400.0,285.7142857142857,0,0.0,183000,1140
2023-11-22 13:45:00,85700.0,85800.0,85500.0,85700.0,79500,86160.0,87036.0,300.0,292.85714285714283,0,0.0,183000,1140
2023-11-22 14:00:00,85600.0,86000.0,85600.0,86000.0,69400,86160.0,87021.0,400.0,321.42857142857144,0,0.0,183000,1140
2023-11-22 14:15:00,85700.0,86700.0,85700.0,86700.0,194100,86164.0,87009.5,1000.0,364.2857142857143,0,0.0,183000,1140
2023-11-22 14:45:00,86700.0,86700.0,86700.0,86700.0,127300,86168.0,86999.0,0.0,342.85714285714283,0,0.0,183000,1140
2023-11-23 09:15:00,86700.0,86800.0,86600.0,86700.0,17200,86190.0,86988.0,200.0,335.7142857142857,0,0.0,183000,1140
2023-11-23 09:30:00,86700.0,86700.0,86600.0,86600.0,22900,86208.0,86976.0,100.0,307.14285714285717,0,0.0,183000,1140
2023-11-23 09:45:00,86600.0,86700.0,86600.0,86600.0,20000,86214.0,86963.5,100.0,278.57142857142856,0,0.0,183000,1140
2023-11-23 10:00:00,86700.0,86800.0,86500.0,86500.0,28300,86230.0,86950.5,300.0,271.42857142857144,0,0.0,183000,1140
2023-11-23 10:15:00,86500.0,86600.0,86300.0,86300.0,24500,86240.0,86938.5,300.0,278.57142857142856,0,0.0,183000,1140
2023-11-23 10:30:00,86400.0,86600.0,86200.0,86400.0,48400,86254.0,86923.0,400.0,292.85714285714283,0,0.0,183000,1140
2023-11-23 10:45:00,86300.0,86600.0,86300.0,86300.0,22800,86266.0,86910.0,300.0,300.0,0,0.0,183000,1140
2023-11-23 11:00:00,86300.0,86600.0,86300.0,86300.0,32300,86274.0,86899.0,300.0,307.14285714285717,0,0.0,183000,1140
2023-11-23 11:15:00,86300.0,86500.0,86300.0,86500.0,27000,86286.0,86888.5,200.0,307.14285714285717,0,0.0,183000,1140
2023-11-23 13:00:00,86500.0,86500.0,86300.0,86400.0,18100,86292.0,86878.5,200.0,292.85714285714283,0,0.0,183000,1140
2023-11-23 13:15:00,86500.0,86600.0,86400.0,86500.0,25100,86294.0,86869.0,200.0,285.7142857142857,0,0.0,183000,1140
2023-11-23 13:30:00,86600.0,86600.0,86500.0,86500.0,51700,86302.0,86859.0,100.0,264.2857142857143,0,0.0,183000,1140
2023-11-23 13:45:00,86500.0,86600.0,86400.0,86400.0,44400,86302.0,86848.5,200.0,207.14285714285714,0,0.0,183000,1140
2023-11-23 14:00:00,86300.0,86700.0,86100.0,86100.0,135300,86292.0,86836.5,600.0,250.0,0,0.0,183000,1140
2023-11-23 14:15:00,86300.0,86300.0,85600.0,85700.0,151900,86276.0,86822.5,700.0,285.7142857142857,0,0.0,183000,1140
2023-11-23 14:30:00,85600.0,85600.0,85600.0,85600.0,0,86264.0,86807.5,0.0,278.57142857142856,0,0.0,183000,1140
2023-11-23 14:45:00,85500.0,85500.0,85500.0,85500.0,752200,86246.0,86792.0,0.0,271.42857142857144,0,0.0,183000,1140
