date,strategy,benchmark
2020-01-02,10000.0,3257.85009765625
2020-01-03,10000.0,3234.85009765625
2020-01-06,10038.148986555541,3246.280029296875
2020-01-07,10009.926025160521,3237.179931640625
2020-01-08,10063.274771090018,3253.050048828125
2020-01-09,10131.507033051144,3274.699951171875
2020-01-10,10102.355420571519,3265.35009765625
2020-01-13,10171.831573012456,3288.1298828125
2020-01-14,10156.32059003177,3283.14990234375
2020-01-15,10179.274836948949,3289.2900390625
2020-01-16,10263.947736922484,3316.81005859375
2020-01-17,10295.896346074225,3329.6201171875
2020-01-21,10275.733072146451,3320.7900390625
2020-01-22,10276.974954732024,3321.75
2020-01-23,10288.76129390311,3325.5400390625
2020-01-24,10197.262557470953,3295.469970703125
2020-01-27,10033.80591132095,3243.6298828125
2020-01-28,10138.953308828992,3276.239990234375
2020-01-29,10130.57838196654,3273.39990234375
2020-01-30,10163.456646150004,3283.659912109375
2020-01-31,9978.908074987621,3225.52001953125
2020-02-03,10053.036518375646,3248.919921875
2020-02-04,10206.25892759975,3297.590087890625
2020-02-05,10324.121315363484,3334.68994140625
2020-02-06,10358.858889610392,3345.780029296875
2020-02-07,10303.647821776094,3327.7099609375
2020-02-10,10380.567238153524,3352.090087890625
2020-02-11,10398.558974464002,3357.75
2020-02-12,10465.556381469385,3379.449951171875
2020-02-13,10454.388473723291,3373.93994140625
2020-02-14,10471.137323501076,3380.159912109375
2020-02-18,10444.154236797393,3370.2900390625
2020-02-19,10494.08956252402,3386.14990234375
2020-02-20,10450.979069308894,3373.22998046875
2020-02-21,10343.35091847106,3337.75
2020-02-24,10000.309215712496,3225.889892578125
2020-02-25,9697.277817467155,3128.2099609375
2020-02-26,9661.610588188521,3116.389892578125
2020-02-27,9227.68958436991,2978.760009765625
2020-02-28,9227.68958436991,2954.219970703125
2020-03-02,9227.68958436991,3090.22998046875
2020-03-03,9227.68958436991,3003.3701171875
2020-03-04,9227.68958436991,3130.1201171875
2020-03-05,9227.68958436991,3023.93994140625
2020-03-06,9227.68958436991,2972.3701171875
2020-03-09,9227.68958436991,2746.56005859375
2020-03-10,9227.68958436991,2882.22998046875
2020-03-11,9227.68958436991,2741.3798828125
2020-03-12,9227.68958436991,2480.639892578125
2020-03-13,9227.68958436991,2711.02001953125
2020-03-16,9227.68958436991,2386.1298828125
2020-03-17,9227.68958436991,2529.18994140625
2020-03-18,9227.68958436991,2398.10009765625
2020-03-19,9227.68958436991,2409.389892578125
2020-03-20,9227.68958436991,2304.919921875
2020-03-23,9227.68958436991,2237.39990234375
2020-03-24,9227.68958436991,2447.330078125
2020-03-25,9227.68958436991,2475.56005859375
2020-03-26,9227.68958436991,2630.070068359375
2020-03-27,9227.68958436991,2541.469970703125
2020-03-30,9227.68958436991,2626.64990234375
2020-03-31,9227.68958436991,2584.590087890625
2020-04-01,9227.68958436991,2470.5
2020-04-02,9227.68958436991,2526.89990234375
2020-04-03,9227.68958436991,2488.64990234375
2020-04-06,9227.68958436991,2663.679931640625
2020-04-07,9227.68958436991,2659.409912109375
2020-04-08,9227.68958436991,2749.97998046875
2020-04-09,9227.68958436991,2789.820068359375
2020-04-13,9227.68958436991,2761.6298828125
2020-04-14,9227.68958436991,2846.06005859375
2020-04-15,9227.68958436991,2783.360107421875
2020-04-16,9227.68958436991,2799.550048828125
2020-04-17,9227.68958436991,2874.56005859375
2020-04-20,9227.68958436991,2823.159912109375
2020-04-21,9227.68958436991,2736.56005859375
2020-04-22,9227.68958436991,2799.31005859375
2020-04-23,9227.68958436991,2797.800048828125
2020-04-24,9227.68958436991,2836.739990234375
2020-04-27,9227.68958436991,2878.47998046875
2020-04-28,9227.68958436991,2863.389892578125
2020-04-29,9227.68958436991,2939.510009765625
2020-04-30,9227.68958436991,2912.429931640625
2020-05-01,9227.68958436991,2830.7099609375
2020-05-04,9227.68958436991,2842.739990234375
2020-05-05,9227.68958436991,2868.43994140625
2020-05-06,9227.68958436991,2848.419921875
2020-05-07,9227.68958436991,2881.18994140625
2020-05-08,9227.68958436991,2929.800048828125
2020-05-11,9229.581240102154,2930.18994140625
2020-05-12,9045.621527822066,2870.1201171875
2020-05-13,9045.621527822066,2820.0
2020-05-14,9045.621527822066,2852.5
2020-05-15,9045.621527822066,2863.699951171875
2020-05-18,9045.621527822066,2953.909912109375
2020-05-19,8952.712903765432,2922.93994140625
2020-05-20,8952.712903765432,2971.610107421875
2020-05-21,8890.902608601045,2948.510009765625
2020-05-22,8907.78748101296,2955.449951171875
2020-05-26,9017.536726121187,2991.77001953125
2020-05-27,9151.706602075124,3036.1298828125
2020-05-28,9134.824640346267,3029.72998046875
2020-05-29,9175.526661983467,3044.31005859375
2020-06-01,9212.611674808875,3055.72998046875
2020-06-02,9288.892915903485,3080.820068359375
2020-06-03,9412.512536004571,3122.8701171875
2020-06-04,9387.790164348651,3112.35009765625
2020-06-05,9628.395957864604,3193.929931640625
2020-06-08,9744.777679431365,3232.389892578125
2020-06-09,9672.11247692086,3207.179931640625
2020-06-10,9618.14162145585,3190.139892578125
2020-06-11,9063.669112114501,3002.10009765625
2020-06-12,9063.669112114501,3041.31005859375
2020-06-15,9063.669112114501,3066.590087890625
2020-06-16,9063.669112114501,3124.739990234375
2020-06-17,9063.669112114501,3113.489990234375
2020-06-18,9063.669112114501,3115.340087890625
2020-06-19,9063.669112114501,3097.739990234375
2020-06-22,9063.669112114501,3117.860107421875
2020-06-23,9063.669112114501,3131.2900390625
2020-06-24,9063.669112114501,3050.330078125
2020-06-25,9063.669112114501,3083.760009765625
2020-06-26,9063.669112114501,3009.050048828125
2020-06-29,9063.669112114501,3053.239990234375
2020-06-30,9063.669112114501,3100.2900390625
2020-07-01,9063.669112114501,3115.860107421875
2020-07-02,9113.57891963369,3130.010009765625
2020-07-06,9254.269197347043,3179.719970703125
2020-07-07,9158.82327157376,3145.320068359375
2020-07-08,9228.874306245301,3169.93994140625
2020-07-09,9176.335796454534,3152.050048828125
2020-07-10,9270.032059492092,3185.0400390625
2020-07-13,9189.765463235803,3155.219970703125
2020-07-14,9189.765463235803,3197.52001953125
2020-07-15,9274.194430636971,3226.56005859375
2020-07-16,9243.647159852344,3215.570068359375
2020-07-17,9270.448145622495,3224.72998046875
2020-07-20,9345.367383616536,3251.840087890625
2020-07-21,9365.249097286267,3257.300048828125
2020-07-22,9418.557495974273,3276.02001953125
2020-07-23,9306.177254205606,3235.659912109375
2020-07-24,9246.244079454542,3215.6298828125
2020-07-27,9313.671670604701,3239.409912109375
2020-07-28,9254.599827524042,3218.43994140625
2020-07-29,9368.419314816998,3258.43994140625
2020-07-30,9334.993552983791,3246.219970703125
2020-07-31,9408.760656010343,3271.1201171875
2020-08-03,9474.172934152466,3294.610107421875
2020-08-04,9510.766143961195,3306.510009765625
2020-08-05,9569.837987041854,3327.77001953125
2020-08-06,9633.808250104477,3349.159912109375
2020-08-07,9640.723829464616,3351.280029296875
2020-08-10,9669.53920505773,3360.469970703125
2020-08-11,9589.720623896654,3333.68994140625
2020-08-12,9723.422748044411,3380.35009765625
2020-08-13,9705.846227494727,3373.429931640625
2020-08-14,9706.132414866459,3372.85009765625
2020-08-17,9736.965873022818,3381.989990234375
2020-08-18,9758.001568030179,3389.780029296875
2020-08-19,9717.37311628003,3374.85009765625
2020-08-20,9747.628660582504,3385.510009765625
2020-08-21,9782.20748056827,3397.159912109375
2020-08-24,9881.331707915331,3431.280029296875
2020-08-25,9915.907758345886,3443.6201171875
2020-08-26,10015.32278899003,3478.72998046875
2020-08-27,10037.221662037935,3484.550048828125
2020-08-28,10102.055103141103,3508.010009765625
2020-08-31,10065.460970147304,3500.31005859375
2020-09-01,10160.260998626005,3526.64990234375
2020-09-02,10307.220060380436,3580.840087890625
2020-09-03,9952.503737709822,3455.06005859375
2020-09-04,9952.503737709822,3426.9599609375
2020-09-08,9952.503737709822,3331.840087890625
2020-09-09,9952.503737709822,3398.9599609375
2020-09-10,9779.690883905452,3339.18994140625
2020-09-11,9784.668155345464,3340.969970703125
2020-09-14,9913.545140216691,3383.5400390625
2020-09-15,9963.632218480392,3401.199951171875
2020-09-16,9924.089936440565,3385.489990234375
2020-09-17,9836.805636719351,3357.010009765625
2020-09-18,9723.555820266398,3319.469970703125
2020-09-21,9615.337702429837,3281.06005859375
2020-09-22,9713.264391932571,3315.570068359375
2020-09-23,9488.003446489112,3236.919921875
2020-09-24,9513.294253913655,3246.590087890625
2020-09-25,9667.095131968654,3298.4599609375
2020-09-28,9827.661871087472,3351.60009765625
2020-09-29,9774.138373515076,3335.469970703125
2020-09-30,9848.244727755125,3363.0
2020-10-01,9911.471277116687,3380.800048828125
2020-10-02,9817.367627554868,3348.419921875
2020-10-05,9991.460458403764,3408.60009765625
2020-10-06,9849.42148084445,3360.969970703125
2020-10-07,10020.867086442164,3419.43994140625
2020-10-08,10109.678162300801,3446.830078125
2020-10-09,10199.958771921705,3477.139892578125
2020-10-12,10364.051078310531,3534.219970703125
2020-10-13,10296.41498926258,3511.929931640625
2020-10-14,10231.717029339567,3488.669921875
2020-10-15,10219.073033226683,3483.340087890625
2020-10-16,10212.895548707527,3483.81005859375
2020-10-19,10057.626075289854,3426.919921875
2020-10-20,10097.913446606335,3443.1201171875
2020-10-21,10078.799185301355,3435.56005859375
2020-10-22,10134.08499730896,3453.489990234375
2020-10-23,10168.492356777193,3465.389892578125
2020-10-26,9980.57877672609,3400.969970703125
2020-10-27,9980.57877672609,3390.679931640625
2020-10-28,9980.57877672609,3271.030029296875
2020-10-29,9980.57877672609,3310.110107421875
2020-10-30,9980.57877672609,3269.9599609375
2020-11-02,9980.57877672609,3310.239990234375
2020-11-03,9980.57877672609,3369.159912109375
2020-11-04,9980.57877672609,3443.43994140625
2020-11-05,10175.22690924419,3510.449951171875
2020-11-06,10172.903687803688,3509.43994140625
2020-11-09,10300.731855530506,3550.5
2020-11-10,10285.625353785512,3545.530029296875
2020-11-11,10362.032083507445,3572.659912109375
2020-11-12,10261.511501874555,3537.010009765625
2020-11-13,10403.57658566752,3585.14990234375
2020-11-16,10533.441512175177,3626.909912109375
2020-11-17,10476.787727079238,3609.530029296875
2020-11-18,10350.70336602823,3567.7900390625
2020-11-19,10394.282772841896,3581.8701171875
2020-11-20,10323.102827829276,3557.5400390625
2020-11-23,10384.985251761776,3577.590087890625
2020-11-24,10552.323944058702,3635.409912109375
2020-11-25,10536.054904529834,3629.64990234375
2020-11-27,10565.400176468222,3638.35009765625
2020-11-30,10518.62518134434,3621.6298828125
2020-12-01,10633.66914170304,3662.449951171875
2020-12-02,10656.039186938186,3669.010009765625
2020-12-03,10653.136550732994,3666.719970703125
2020-12-04,10744.939953114079,3699.1201171875
2020-12-07,10722.861005856712,3691.9599609375
2020-12-08,10754.23840125782,3702.25
2020-12-09,10657.782993613993,3672.820068359375
2020-12-10,10654.297234389618,3668.10009765625
2020-12-11,10641.805052062904,3663.4599609375
2020-12-14,10594.160471260175,3647.489990234375
2020-12-15,10737.38716577339,3694.6201171875
2020-12-16,10754.238401257819,3701.169921875
2020-12-17,10814.376091450886,3722.47998046875
2020-12-18,10771.194394931703,3709.409912109375
2020-12-21,10732.681390820486,3694.919921875
2020-12-22,10714.59252539868,3687.260009765625
2020-12-23,10724.221008192391,3690.010009765625
2020-12-24,10765.94350656818,3703.06005859375
2020-12-28,10858.431081903409,3735.360107421875
2020-12-29,10837.715845236218,3727.0400390625
2020-12-30,10853.180193539885,3732.0400390625
2020-12-31,10908.321010802267,3756.070068359375
2021-01-04,10759.81561601682,3700.64990234375
2021-01-05,10833.921373825218,3726.860107421875
2021-01-06,10898.694382135804,3748.139892578125
2021-01-07,11060.61994993509,3803.7900390625
2021-01-08,11123.640807997252,3824.679931640625
2021-01-11,11048.65804800102,3799.610107421875
2021-01-12,11050.992394205003,3801.18994140625
2021-01-13,11080.75299064672,3809.840087890625
2021-01-14,11041.948888557723,3795.5400390625
2021-01-15,10961.420433965692,3768.25
2021-01-19,11047.492729026277,3798.909912109375
2021-01-20,11200.375718241909,3851.85009765625
2021-01-21,11210.582688736684,3853.070068359375
2021-01-22,11170.905292714346,3841.469970703125
2021-01-25,11214.962137294115,3855.360107421875
2021-01-26,11197.45546782787,3849.6201171875
2021-01-27,10923.784432042306,3750.77001953125
2021-01-28,10923.784432042306,3787.3798828125
2021-01-29,10923.784432042306,3714.239990234375
2021-02-01,10923.784432042306,3773.860107421875
2021-02-02,10923.784432042306,3826.31005859375
2021-02-03,10932.374873962637,3830.169921875
2021-02-04,11056.63016259679,3871.739990234375
2021-02-05,11100.145485991592,3886.830078125
2021-02-08,11180.310511138421,3915.590087890625
2021-02-09,11172.865400826446,3911.22998046875
2021-02-10,11168.000243208111,3909.8798828125
2021-02-11,11186.03444003419,3916.3798828125
2021-02-12,11241.292368989476,3934.830078125
2021-02-16,11231.558414891462,3932.590087890625
2021-02-17,11234.134728723759,3931.330078125
2021-02-18,11186.322819795785,3913.969970703125
2021-02-19,11166.567441553498,3906.7099609375
2021-02-22,11080.677577795565,3876.5
2021-02-23,11094.13317733423,3881.3701171875
2021-02-24,11216.383453367258,3925.429931640625
2021-02-25,10946.116124116888,3829.340087890625
2021-02-26,10889.71468298392,3811.14990234375
2021-03-01,11153.684962676676,3901.820068359375
2021-03-02,11066.649767310388,3870.2900390625
2021-03-03,10920.063696316987,3819.719970703125
2021-03-04,10784.928212261131,3768.469970703125
2021-03-05,10983.335307669415,3841.93994140625
2021-03-08,10928.652318806646,3821.35009765625
2021-03-09,11084.685783567136,3875.43994140625
2021-03-10,11153.684962676674,3898.81005859375
2021-03-11,11266.773495558198,3939.340087890625
2021-03-12,11281.945727936392,3943.340087890625
2021-03-15,11349.22645477573,3968.93994140625
2021-03-16,11334.91208395963,3962.7099609375
2021-03-17,11373.5622497361,3974.1201171875
2021-03-18,11208.080481493183,3915.4599609375
2021-03-19,11187.343520403068,3913.10009765625
2021-03-22,11276.674837278084,3940.590087890625
2021-03-23,11187.91755078025,3910.52001953125
2021-03-24,11131.043057672425,3889.139892578125
2021-03-25,11193.66240312875,3909.52001953125
2021-03-26,11374.048037725664,3974.5400390625
2021-03-29,11368.302275661828,3971.090087890625
2021-03-30,11338.141573403365,3958.550048828125
2021-03-31,11384.101301906707,3972.889892578125
2021-04-01,11507.036593587942,4019.8701171875
2021-04-05,11672.199051747832,4077.909912109375
2021-04-06,11665.30795807564,4073.93994140625
2021-04-07,11678.806314235111,4079.949951171875
2021-04-08,11734.242547396305,4097.169921875
2021-04-09,11819.553832200376,4128.7998046875
2021-04-12,11823.862244032916,4127.990234375
2021-04-13,11858.903569070431,4141.58984375
2021-04-14,11818.404861730676,4124.66015625
2021-04-15,11945.36200491353,4170.419921875
2021-04-16,11985.289411022111,4185.47021484375
2021-04-19,11926.406266451817,4163.259765625
2021-04-20,11839.084510754605,4134.93994140625
2021-04-21,11951.107766977366,4173.419921875
2021-04-22,11841.958301501862,4134.97998046875
2021-04-23,11970.354614346683,4180.169921875
2021-04-26,11995.341765487818,4187.6201171875
2021-04-27,11992.75817393283,4186.72021484375
2021-04-28,11989.309443093058,4183.18017578125
2021-04-29,12065.714614755114,4211.47021484375
2021-04-30,11986.438381491813,4181.169921875
2021-05-03,12012.290671917735,4192.66015625
2021-05-04,11938.182531479744,4164.66015625
2021-05-05,11941.916912935105,4167.58984375
2021-05-06,12037.279642489544,4201.6201171875
2021-05-07,12124.886139087006,4232.60009765625
2021-05-10,12004.820089576344,4188.43017578125
2021-05-11,11897.682004709317,4152.10009765625
2021-05-12,11644.912140236629,4063.0400390625
2021-05-13,11784.797248063116,4112.5
2021-05-14,11965.756003321876,4173.85009765625
2021-05-17,11935.310560163163,4163.2900390625
2021-05-18,11832.47997741334,4127.830078125
2021-05-19,11801.457774731436,4115.68017578125
2021-05-20,11928.415827629626,4159.1201171875
2021-05-21,11918.650033494841,4155.85986328125
2021-05-24,12040.152523521461,4197.0498046875
2021-05-25,12013.438732672099,4188.1298828125
2021-05-26,12037.279642489542,4195.990234375
2021-05-27,12043.599434930562,4200.8798828125
2021-05-28,12065.141494093268,4204.10986328125
2021-06-01,12054.516018965718,4202.0400390625
2021-06-02,12073.470847712095,4208.1201171875
2021-06-03,12028.662818824461,4192.85009765625
2021-06-04,12138.674694438743,4229.89013671875
2021-06-07,12126.897519695483,4226.52001953125
2021-06-08,12129.483840396479,4227.259765625
2021-06-09,12111.387782927535,4219.5498046875
2021-06-10,12167.68551651217,4239.18017578125
2021-06-11,12187.793864304927,4247.43994140625
2021-06-14,12215.080775816135,4255.14990234375
2021-06-15,12192.677216229986,4246.58984375
2021-06-16,12124.600488471417,4223.7001953125
2021-06-17,12120.578636969798,4221.85986328125
2021-06-18,11957.067312145226,4166.4501953125
2021-06-21,12128.24389839315,4224.7900390625
2021-06-22,12193.083858985294,4246.43994140625
2021-06-23,12178.387407727965,4241.83984375
2021-06-24,12250.431404067975,4266.490234375
2021-06-25,12293.946727462777,4280.7001953125
2021-06-28,12318.73010236859,4290.60986328125
2021-06-29,12325.358288308602,4291.7998046875
2021-06-30,12335.732682003345,4297.5
2021-07-01,12404.030470588625,4319.93994140625
2021-07-02,12498.841002933952,4352.33984375
2021-07-06,12476.075376643972,4343.5400390625
2021-07-07,12520.165640131294,4358.1298828125
2021-07-08,12418.1510720381,4320.81982421875
2021-07-09,12550.712061692331,4369.5498046875
2021-07-12,12595.668374179775,4384.6298828125
2021-07-13,12552.729810308163,4369.2099609375
2021-07-14,12571.460849081817,4374.2998046875
2021-07-15,12528.524104640877,4360.02978515625
2021-07-16,12430.253924871742,4327.16015625
2021-07-19,12246.685196313245,4258.490234375
2021-07-20,12422.185659554427,4323.06005859375
2021-07-21,12522.75923855498,4358.68994140625
2021-07-22,12548.98451226877,4367.47998046875
2021-07-23,12678.088583645203,4411.7900390625
2021-07-26,12709.20994529876,4422.2998046875
2021-07-27,12651.286550408224,4401.4599609375
2021-07-28,12646.099353560852,4400.64013671875
2021-07-29,12698.548081557758,4419.14990234375
2021-07-30,12636.87847891249,4395.259765625
2021-08-02,12610.364825437104,4387.16015625
2021-08-03,12712.957972484162,4423.14990234375
2021-08-04,12650.423230554108,4402.66015625
2021-08-05,12730.537311642107,4429.10009765625
2021-08-06,12751.571749647179,4436.52001953125
2021-08-09,12741.198265667772,4432.35009765625
2021-08-10,12757.047326256146,4436.75
2021-08-11,12788.74635714823,4442.41015625
2021-08-12,12827.075393410998,4460.830078125
2021-08-13,12850.416869508834,4468.0
2021-08-16,12880.675821023613,4479.7099609375
2021-08-17,12796.240592088363,4448.080078125
2021-08-18,12656.185367493996,4400.27001953125
2021-08-19,12675.781545552438,4405.7998046875
2021-08-20,12776.644414029923,4441.669921875
2021-08-23,12889.03337581786,4479.52978515625
2021-08-24,12909.49378344575,4486.22998046875
2021-08-25,12936.582377013654,4496.18994140625
2021-08-26,12860.218142541731,4470.0
2021-08-27,12975.19888332268,4509.3701171875
2021-08-30,13032.258958359103,4528.7900390625
2021-08-31,13012.949340631585,4522.68017578125
2021-09-01,13019.864996617856,4524.08984375
2021-09-02,13059.92340173486,4536.9501953125
2021-09-03,13056.753953503321,4535.43017578125
2021-09-07,13010.067362446305,4520.02978515625
2021-09-08,12994.219211573267,4514.06982421875
2021-09-09,12938.60103534482,4493.27978515625
2021-09-10,12836.586467251625,4458.580078125
2021-09-13,12869.436288044082,4468.72998046875
2021-09-14,12799.986799843093,4443.0498046875
2021-09-15,12906.902004452737,4480.7001953125
2021-09-16,12886.439777394173,4473.75
2021-09-17,12760.91179700459,4432.990234375
2021-09-20,12548.133928429359,4357.72998046875
2021-09-21,12536.282157028525,4354.18994140625
2021-09-22,12658.56973139034,4395.64013671875
2021-09-23,12812.371664430977,4448.97998046875
2021-09-24,12833.477060232279,4455.47998046875
2021-09-27,12796.760949260704,4443.10986328125
2021-09-28,12538.883942890237,4352.6298828125
2021-09-29,12559.986609545529,4359.4599609375
2021-09-30,12406.476695127832,4307.5400390625
2021-10-01,12553.916079106646,4357.0400390625
2021-10-04,12392.020408719278,4300.4599609375
2021-10-05,12520.958911904512,4345.72021484375
2021-10-06,12572.997358284763,4363.5498046875
2021-10-07,12681.699243814826,4399.759765625
2021-10-08,12658.56973139034,4391.33984375
2021-10-11,12566.92682784588,4361.18994140625
2021-10-12,12535.992867551593,4350.64990234375
2021-10-13,12581.092915062167,4363.7998046875
2021-10-14,12792.714535445008,4438.259765625
2021-10-15,12890.141409097427,4471.3701171875
2021-10-18,12928.302148022987,4486.4599609375
2021-10-19,13028.041518060187,4519.6298828125
2021-10-20,13079.212096009642,4536.18994140625
2021-10-21,13113.326421119504,4549.77978515625
2021-10-22,13099.739822572417,4544.89990234375
2021-10-25,13169.989860269317,4566.47998046875
2021-10-26,13181.843451100825,4574.7900390625
2021-10-27,13123.446094520095,4551.68017578125
2021-10-28,13250.07210132055,4596.419921875
2021-10-29,13276.957828368466,4605.3798828125
2021-11-01,13299.796231885348,4613.669921875
2021-11-02,13353.569505411853,4630.64990234375
2021-11-03,13435.097284132406,4660.56982421875
2021-11-04,13498.40801324429,4680.06005859375
2021-11-05,13545.242887901117,4697.52978515625
2021-11-08,13556.808098971029,4701.7001953125
2021-11-09,13511.996431222049,4685.25
2021-11-10,13403.294545691984,4646.7099609375
2021-11-11,13407.63115869995,4649.27001953125
2021-11-12,13508.816066406473,4682.85009765625
2021-11-15,13513.442878606706,4682.7998046875
2021-11-16,13566.925043225605,4700.89990234375
2021-11-17,13533.969695454143,4688.669921875
2021-11-18,13579.934882249503,4704.5400390625
2021-11-19,13555.651850778635,4697.9599609375
2021-11-22,13517.489292422402,4682.93994140625
2021-11-23,13535.414323408128,4690.7001953125
2021-11-24,13571.550035995166,4701.4599609375
2021-11-26,13268.862271591055,4594.6201171875
2021-11-29,13431.627629839892,4655.27001953125
2021-11-30,13170.279149746246,4567.0
2021-12-01,13023.994194529148,4513.0400390625
2021-12-02,13023.994194529148,4577.10009765625
2021-12-03,12910.666441584555,4538.43017578125
2021-12-06,12910.666441584555,4591.669921875
2021-12-07,13177.721357101436,4686.75
2021-12-08,13212.614667265876,4701.2099609375
2021-12-09,13123.410701288325,4667.4501953125
2021-12-10,13246.947452996004,4712.02001953125
2021-12-13,13129.60126419556,4668.97021484375
2021-12-14,13039.2691653123,4634.08984375
2021-12-15,13243.00695736774,4709.85009765625
2021-12-16,13126.225720524788,4668.669921875
2021-12-17,12986.523196190235,4620.64013671875
2021-12-20,12848.43229029241,4568.02001953125
2021-12-21,13076.608239280173,4649.22998046875
2021-12-22,13207.355655235257,4696.56005859375
2021-12-23,13289.534027434234,4725.7900390625
2021-12-27,13477.6090134958,4791.18994140625
2021-12-28,13466.59510683864,4786.35009765625
2021-12-29,13483.820828514288,4793.06005859375
2021-12-30,13446.546396384812,4778.72998046875
2021-12-31,13412.658133981739,4766.18017578125
2022-01-03,13490.317776025428,4796.56005859375
2022-01-04,13485.798160365504,4793.5400390625
2022-01-05,13226.842955750137,4700.580078125
2022-01-06,13214.416669199252,4696.0498046875
2022-01-07,13162.173666710187,4677.02978515625
2022-01-10,13145.79448746614,4670.2900390625
2022-01-11,13265.530653277972,4713.06982421875
2022-01-12,13301.395362027626,4726.35009765625
2022-01-13,13118.119811090824,4659.02978515625
2022-01-14,13123.486854686984,4662.85009765625
2022-01-18,12891.074651522678,4577.10986328125
2022-01-19,12757.219114296762,4532.759765625
2022-01-20,12616.020087128103,4482.72998046875
2022-01-21,12368.359494139368,4397.93994140625
2022-01-24,12420.884972607178,4410.1298828125
2022-01-25,12269.238761748125,4356.4501953125
2022-01-26,12269.238761748125,4349.93017578125
2022-01-27,12269.238761748125,4326.509765625
2022-01-28,12269.238761748125,4431.85009765625
2022-01-31,12490.221349407628,4515.5498046875
2022-02-01,12574.615401555438,4546.5400390625
2022-02-02,12696.766405685332,4589.3798828125
2022-02-03,12398.329530736366,4477.43994140625
2022-02-04,12456.62895275449,4500.52978515625
2022-02-07,12416.652181355852,4483.8701171875
2022-02-08,12518.815235045135,4521.5400390625
2022-02-09,12702.042611757392,4587.18017578125
2022-02-10,12473.841693665698,4504.080078125
2022-02-11,12227.873515067367,4418.64013671875
2022-02-14,12187.89587315131,4401.669921875
2022-02-15,12384.449130502253,4471.06982421875
2022-02-16,12398.32953073637,4475.009765625
2022-02-17,12133.483311405707,4380.259765625
2022-02-18,12054.91824389055,4348.8701171875
2022-02-22,11925.549779845885,4304.759765625
2022-02-23,11714.007083069966,4225.5
2022-02-24,11714.007083069966,4288.7001953125
2022-02-25,11714.007083069966,4384.64990234375
2022-02-28,11684.037040922001,4373.93994140625
2022-03-01,11684.037040922001,4306.259765625
2022-03-02,11684.037040922001,4386.5400390625
2022-03-03,11684.037040922001,4363.490234375
2022-03-04,11684.037040922001,4328.8701171875
2022-03-07,11684.037040922001,4201.08984375
2022-03-08,11684.037040922001,4170.7001953125
2022-03-09,11684.037040922001,4277.8798828125
2022-03-10,11684.037040922001,4259.52001953125
2022-03-11,11684.037040922001,4204.31005859375
2022-03-14,11684.037040922001,4173.10986328125
2022-03-15,11684.037040922001,4262.4501953125
2022-03-16,11943.121655376208,4357.85986328125
2022-03-17,12092.541338554729,4411.669921875
2022-03-18,12224.98811628123,4463.1201171875
2022-03-21,12221.41351561925,4461.18017578125
2022-03-22,12364.420753791104,4511.60986328125
2022-03-23,12205.185963407715,4456.240234375
2022-03-24,12389.1712956522,4520.16015625
2022-03-25,12449.675581363977,4543.06005859375
2022-03-28,12538.229908056785,4575.52001953125
2022-03-29,12693.339035001778,4631.60009765625
2022-03-30,12614.95916690314,4602.4501953125
2022-03-31,12420.799376064488,4530.41015625
2022-04-01,12456.002057138754,4545.85986328125
2022-04-04,12562.70706776047,4582.64013671875
2022-04-05,12404.023340153495,4525.1201171875
2022-04-06,12279.991230844375,4481.14990234375
2022-04-07,12341.870164574071,4500.2099609375
2022-04-08,12308.868295836186,4488.27978515625
2022-04-11,12098.48181247832,4412.52978515625
2022-04-12,12053.653156509343,4397.4501953125
2022-04-13,12191.711146001298,4446.58984375
2022-04-14,12039.902377868557,4392.58984375
2022-04-18,12044.853345933096,4391.68994140625
2022-04-19,12239.288238313795,4462.2099609375
2022-04-20,12230.21246650318,4459.4501953125
2022-04-21,12047.327540426888,4393.66015625
2022-04-22,11716.759509656249,4271.77978515625
2022-04-25,11784.688957926355,4296.1201171875
2022-04-26,11443.393686400495,4175.2001953125
2022-04-27,11443.393686400495,4183.9599609375
2022-04-28,11443.393686400495,4287.5
2022-04-29,11020.494503986423,4131.93017578125
2022-05-02,11020.494503986423,4155.3798828125
2022-05-03,11020.494503986423,4175.47998046875
2022-05-04,11356.10103041193,4300.169921875
2022-05-05,10952.473522055598,4146.8701171875
2022-05-06,10952.473522055598,4123.33984375
2022-05-09,10952.473522055598,3991.239990234375
2022-05-10,10952.473522055598,4001.050048828125
2022-05-11,10952.473522055598,3935.179931640625
2022-05-12,10952.473522055598,3930.080078125
2022-05-13,10952.473522055598,4023.889892578125
2022-05-16,10908.034717722196,4008.010009765625
2022-05-17,11132.415651512243,4088.85009765625
2022-05-18,10683.65037487194,3923.679931640625
2022-05-19,10683.65037487194,3900.7900390625
2022-05-20,10688.315267537482,3901.360107421875
2022-05-23,10888.294242510454,3973.75
2022-05-24,10805.175973911504,3941.47998046875
2022-05-25,10900.638200216423,3978.72998046875
2022-05-26,11118.44752687958,4057.840087890625
2022-05-27,11391.396056352845,4158.240234375
2022-05-31,11327.47930918162,4132.14990234375
2022-06-01,11235.857044155431,4101.22998046875
2022-06-02,11449.826409539857,4176.81982421875
2022-06-03,11261.916129304906,4108.5400390625
2022-06-06,11296.207377981807,4121.43017578125
2022-06-07,11404.562372894523,4160.68017578125
2022-06-08,11280.570554864868,4115.77001953125
2022-06-09,11012.286918057143,4017.820068359375
2022-06-10,10692.978445168956,3900.860107421875
2022-06-13,10286.986147854002,3749.6298828125
2022-06-14,10286.986147854002,3735.47998046875
2022-06-15,10286.986147854002,3789.989990234375
2022-06-16,9946.526784887701,3666.77001953125
2022-06-17,9946.526784887701,3674.840087890625
2022-06-21,9946.526784887701,3764.7900390625
2022-06-22,9946.526784887701,3759.889892578125
2022-06-23,10044.029219922062,3795.72998046875
2022-06-24,10363.36662575472,3911.739990234375
2022-06-27,10323.782180155114,3900.110107421875
2022-06-28,10112.837686660907,3821.550048828125
2022-06-29,10104.601608153029,3818.830078125
2022-06-30,10022.508743700422,3785.3798828125
2022-07-01,10128.512697122282,3825.330078125
2022-07-05,10147.641733680786,3831.389892578125
2022-07-06,10181.912420194887,3845.080078125
2022-07-07,10334.408871410607,3902.6201171875
2022-07-08,10325.90735302311,3899.3798828125
2022-07-11,10207.949508947651,3854.429931640625
2022-07-12,10117.619739071655,3818.800048828125
2022-07-13,10064.485455878672,3801.780029296875
2022-07-14,10040.043487150177,3790.3798828125
2022-07-15,10231.859771001391,3863.159912109375
2022-07-18,10147.375466885655,3830.85009765625
2022-07-19,10421.550055069098,3936.68994140625
2022-07-20,10487.967909060328,3959.89990234375
2022-07-21,10594.769009036563,3998.949951171875
2022-07-22,10496.469427447826,3961.6298828125
2022-07-25,10509.221291571317,3966.840087890625
2022-07-26,10384.887101976356,3921.050048828125
2022-07-27,10654.545077628673,4023.610107421875
2022-07-28,10788.17793216551,4072.429931640625
2022-07-29,10945.455608876466,4130.2900390625
2022-08-01,10913.04465535074,4118.6298828125
2022-08-02,10841.047602394387,4091.18994140625
2022-08-03,11010.812530264724,4155.169921875
2022-08-04,11003.37277139571,4151.93994140625
2022-08-05,10984.776268427475,4145.18994140625
2022-08-08,10972.024404303984,4140.06005859375
2022-08-09,10928.454225932495,4122.47021484375
2022-08-10,11157.995222394939,4210.240234375
2022-08-11,11157.995222394939,4207.27001953125
2022-08-12,11346.88918682378,4280.14990234375
2022-08-15,11393.647124497264,4297.14013671875
2022-08-16,11415.96309344225,4305.2001953125
2022-08-17,11334.933642339154,4274.0400390625
2022-08-18,11367.877129455148,4283.740234375
2022-08-19,11215.116065275319,4228.47998046875
2022-08-22,10981.587682209964,4137.990234375
2022-08-23,10955.021367528985,4128.72998046875
2022-08-24,10990.090027512975,4140.77001953125
2022-08-25,11145.243358271448,4199.1201171875
2022-08-26,10767.986309173006,4057.659912109375
2022-08-29,10696.78640277103,4030.610107421875
2022-08-30,10579.359438454812,3986.159912109375
2022-08-31,10498.860040195446,3955.0
2022-09-01,10531.804354226952,3966.85009765625
2022-09-02,10420.753735430237,3924.260009765625
2022-09-06,10381.433075879228,3908.18994140625
2022-09-07,10567.934773729427,3979.8701171875
2022-09-08,10637.011161094433,4006.179931640625
2022-09-09,10802.259476433645,4067.360107421875
2022-09-12,10918.35758752073,4110.41015625
2022-09-13,10443.600584134465,3932.68994140625
2022-09-14,10483.452123444717,3946.010009765625
2022-09-15,10364.430866019746,3901.35009765625
2022-09-16,10285.361204682078,3873.330078125
2022-09-19,10365.12299430399,3899.889892578125
2022-09-20,10246.146390316713,3855.929931640625
2022-09-21,10067.41439062515,3789.929931640625
2022-09-22,9982.85070262018,3757.989990234375
2022-09-23,9815.58967492272,3693.22998046875
2022-09-26,9718.485813165546,3655.0400390625
2022-09-27,9718.485813165546,3647.2900390625
2022-09-28,9718.485813165546,3719.0400390625
2022-09-29,9718.485813165546,3640.469970703125
2022-09-30,9718.485813165546,3585.6201171875
2022-10-03,9718.485813165546,3678.429931640625
2022-10-04,9718.485813165546,3790.929931640625
2022-10-05,9695.858918898419,3783.280029296875
2022-10-06,9595.83878474519,3744.52001953125
2022-10-07,9595.83878474519,3639.659912109375
2022-10-10,9595.83878474519,3612.389892578125
2022-10-11,9595.83878474519,3588.840087890625
2022-10-12,9595.83878474519,3577.030029296875
2022-10-13,9595.83878474519,3669.909912109375
2022-10-14,9595.83878474519,3583.070068359375
2022-10-17,9595.83878474519,3677.949951171875
2022-10-18,9595.83878474519,3719.97998046875
2022-10-19,9595.83878474519,3695.159912109375
2022-10-20,9595.83878474519,3665.780029296875
2022-10-21,9829.03244423493,3752.75
2022-10-24,9949.304989739601,3797.340087890625
2022-10-25,10108.18008042449,3859.110107421875
2022-10-26,10032.025078278015,3830.60009765625
2022-10-27,9978.453484906682,3807.300048828125
2022-10-28,10215.847497252269,3901.06005859375
2022-10-31,10142.055600598142,3871.97998046875
2022-11-01,10097.67512817552,3856.10009765625
2022-11-02,9844.263607468602,3759.68994140625
2022-11-03,9742.897533946465,3719.889892578125
2022-11-04,9883.128267691374,3770.550048828125
2022-11-07,9977.666325757147,3806.800048828125
2022-11-08,10031.499220149164,3828.110107421875
2022-11-09,9824.830463335344,3748.570068359375
2022-11-10,10364.745121860782,3956.3701171875
2022-11-11,10465.060293147086,3992.929931640625
2022-11-14,10376.036419237418,3957.25
2022-11-15,10464.534435018233,3991.72998046875
2022-11-16,10384.70331010102,3958.7900390625
2022-11-17,10352.927152333423,3946.56005859375
2022-11-18,10399.93447333469,3965.340087890625
2022-11-21,10362.119087304007,3949.93994140625
2022-11-22,10501.562661899381,4003.580078125
2022-11-23,10567.738569925737,4027.260009765625
2022-11-25,10565.374650411517,4026.1201171875
2022-11-28,10396.781766627191,3963.93994140625
2022-11-29,10378.92619688049,3957.6298828125
2022-11-30,10705.868313220852,4080.110107421875
2022-12-01,10697.990209550528,4076.570068359375
2022-12-02,10685.64882395993,4071.699951171875
2022-12-05,10493.42162916463,3998.840087890625
2022-12-06,10342.160085041896,3941.260009765625
2022-12-07,10324.565816315877,3933.919921875
2022-12-08,10405.448657490793,3963.510009765625
2022-12-09,10327.718523023375,3934.3798828125
2022-12-12,10476.614519588145,3990.56005859375
2022-12-13,10555.92222844212,4019.64990234375
2022-12-14,10488.432489115505,3995.320068359375
2022-12-15,10231.867447679217,3895.75
2022-12-16,10111.068230023822,3852.360107421875
2022-12-19,10025.329748386672,3817.659912109375
2022-12-20,10039.048458983487,3821.6201171875
2022-12-21,10189.156534114603,3878.43994140625
2022-12-22,10043.796648558708,3822.389892578125
2022-12-23,10101.571850873372,3844.820068359375
2022-12-27,10061.736062558151,3829.25
2022-12-28,9936.689278778376,3783.219970703125
2022-12-29,10115.553490534614,3849.280029296875
2022-12-30,10088.907298599872,3839.5
2023-01-03,10046.434893443551,3824.139892578125
2023-01-04,10123.99571136174,3852.969970703125
2023-01-05,10008.446120754283,3808.10009765625
2023-01-06,10237.961215407673,3895.080078125
2023-01-09,10232.157239465389,3892.090087890625
2023-01-10,10303.914081441297,3919.25
2023-01-11,10434.236540968888,3969.610107421875
2023-01-12,10472.224499636284,3983.169921875
2023-01-13,10512.851517210396,3999.090087890625
2023-01-17,10493.593387779465,3990.969970703125
2023-01-18,10327.921214469321,3928.860107421875
2023-01-19,10252.73571237155,3898.85009765625
2023-01-20,10443.733734141206,3972.610107421875
2023-01-23,10569.044261007277,4019.81005859375
2023-01-24,10557.699238187137,4016.949951171875
2023-01-25,10561.657012525338,4016.219970703125
2023-01-26,10677.734089305392,4060.429931640625
2023-01-27,10702.26789448414,4070.56005859375
2023-01-30,10567.987660618344,4017.77001953125
2023-01-31,10723.373039541022,4076.60009765625
2023-02-01,10837.338543586953,4119.2099609375
2023-02-02,10995.097610286308,4179.759765625
2023-02-03,10878.230118269235,4136.47998046875
2023-02-06,10811.748952041145,4111.080078125
2023-02-07,10953.15187728071,4164.0
2023-02-08,10833.381583270624,4117.85986328125
2023-02-09,10739.464623892643,4081.5
2023-02-10,10764.527543287728,4090.4599609375
2023-02-13,10890.892228477118,4137.2900390625
2023-02-14,10885.88110983747,4136.1298828125
2023-02-15,10921.231637641893,4147.60009765625
2023-02-16,10770.858191380736,4090.409912109375
2023-02-17,10743.950698425311,4079.090087890625
2023-02-21,10528.417243433163,3997.340087890625
2023-02-22,10513.907303577455,3991.050048828125
2023-02-23,10569.834676244294,4012.320068359375
2023-02-24,10456.924144543551,3970.0400390625
2023-02-27,10492.538415434272,3982.239990234375
2023-02-28,10453.757599464241,3970.14990234375
2023-03-01,10413.658882084595,3951.389892578125
2023-03-02,10494.648360124651,3981.35009765625
2023-03-03,10662.95959234151,4045.639892578125
2023-03-06,10670.34765484532,4048.419921875
2023-03-07,10506.784612203683,3986.3701171875
2023-03-08,10523.931982922364,3992.010009765625
2023-03-09,10329.767416073399,3918.320068359375
2023-03-10,10180.71512730934,3861.590087890625
2023-03-13,10166.204373431761,3855.760009765625
2023-03-14,10334.252676584196,3919.2900390625
2023-03-15,10269.618525982058,3891.929931640625
2023-03-16,10449.80145316978,3960.280029296875
2023-03-17,10327.61432822384,3916.639892578125
2023-03-20,10426.920926411618,3951.570068359375
2023-03-21,10563.831264943543,4002.8701171875
2023-03-22,10383.75578864283,3936.969970703125
2023-03-23,10411.826518852324,3948.719970703125
2023-03-24,10480.149816575138,3970.989990234375
2023-03-27,10499.745765082655,3977.530029296875
2023-03-28,10476.177389843253,3971.27001953125
2023-03-29,10628.44669304264,4027.81005859375
2023-03-30,10690.67947912448,4050.830078125
2023-03-31,10841.360625652984,4109.31005859375
2023-04-03,10882.67223562085,4124.509765625
2023-04-04,10822.294605383677,4100.60009765625
2023-04-05,10793.958504044143,4090.3798828125
2023-04-06,10836.064599358386,4105.02001953125
2023-04-10,10847.186580185795,4109.10986328125
2023-04-11,10850.099150441263,4108.93994140625
2023-04-12,10805.87497021793,4091.949951171875
2023-04-13,10949.406562650913,4146.22021484375
2023-04-14,10922.659432004131,4137.64013671875
2023-04-17,10961.852957062905,4151.31982421875
2023-04-18,10969.002511158427,4154.8701171875
2023-04-19,10967.148983357503,4154.52001953125
2023-04-20,10907.300467336669,4129.7900390625
2023-04-21,10915.774435016776,4133.52001953125
2023-04-24,10927.161786974222,4137.0400390625
2023-04-25,10753.705936530823,4071.6298828125
2023-04-26,10708.156528701033,4055.989990234375
2023-04-27,10921.335018419544,4135.35009765625
2023-04-28,11014.550290944473,4169.47998046875
2023-05-01,11003.429124138936,4167.8701171875
2023-05-02,10879.759665365382,4119.580078125
2023-05-03,10805.08048487155,4090.75
2023-05-04,10728.548590598668,4061.219970703125
2023-05-05,10927.161786974222,4136.25
2023-05-08,10930.07354320782,4138.1201171875
2023-05-09,10882.14230738264,4119.169921875
2023-05-10,10932.987741507031,4137.64013671875
2023-05-11,10913.920093193981,4130.6201171875
2023-05-12,10899.620170981065,4124.080078125
2023-05-15,10937.223911325214,4136.27978515625
2023-05-16,10864.13451554601,4109.89990234375
2023-05-17,10996.014198913375,4158.77001953125
2023-05-18,11101.941236980338,4198.0498046875
2023-05-19,11085.786972944627,4191.97998046875
2023-05-22,11090.289327914721,4192.6298828125
2023-05-23,10965.825383794789,4145.580078125
2023-05-24,10886.379291222695,4115.240234375
2023-05-25,10980.654420224042,4151.27978515625
2023-05-26,11122.860785050567,4205.4501953125
2023-05-30,11127.098582912491,4205.52001953125
2023-05-31,11065.396539090732,4179.830078125
2023-06-01,11170.529091811319,4221.02001953125
2023-06-02,11332.067662059062,4282.3701171875
2023-06-05,11310.352814620584,4273.7900390625
2023-06-06,11334.980232314532,4283.85009765625
2023-06-07,11295.786707255758,4267.52001953125
2023-06-08,11364.110819000443,4293.93017578125
2023-06-09,11384.500438832465,4298.85986328125
2023-06-12,11487.779463752127,4338.93017578125
2023-06-13,11563.517686700505,4369.009765625
2023-06-14,11577.287680675212,4372.58984375
2023-06-15,11720.819273108194,4425.83984375
2023-06-16,11680.895570430876,4409.58984375
2023-06-20,11620.293270157226,4388.7099609375
2023-06-21,11560.75408244748,4365.68994140625
2023-06-22,11602.484913679058,4381.89013671875
2023-06-23,11514.769986938421,4348.330078125
2023-06-26,11467.723592887332,4328.81982421875
2023-06-27,11593.44764286402,4378.41015625
2023-06-28,11599.295575987351,4376.85986328125
2023-06-29,11645.011858300755,4396.43994140625
2023-06-30,11782.431774524106,4450.3798828125
2023-07-03,11795.987680746664,4455.58984375
2023-07-05,11778.444695398537,4446.81982421875
2023-07-06,11686.211947272252,4411.58984375
2023-07-07,11656.70772454742,4398.9501953125
2023-07-10,11686.211947272252,4409.52978515625
2023-07-11,11760.635524898498,4439.259765625
2023-07-12,11855.2606833045,4472.16015625
2023-07-13,11949.355099450418,4510.0400390625
2023-07-14,11941.912497481233,4505.419921875
2023-07-17,11983.3771435609,4522.7900390625
2023-07-18,12072.420553995478,4554.97998046875
2023-07-19,12099.266995310556,4565.72021484375
2023-07-20,12018.994670539107,4534.8701171875
2023-07-21,12018.994670539107,4536.33984375
2023-07-24,12072.686739147392,4554.64013671875
2023-07-25,12105.64567069397,4567.4599609375
2023-07-26,12107.506524691735,4566.75
2023-07-27,12027.234199920284,4537.41015625
2023-07-28,12144.984905667705,4582.22998046875
2023-07-31,12168.109638987255,4588.9599609375
2023-08-01,12133.28985344291,4576.72998046875
2023-08-02,11964.50567451883,4513.39013671875
2023-08-03,11930.217445256438,4501.89013671875
2023-08-04,11876.259191496243,4478.02978515625
2023-08-07,11979.921620717283,4518.43994140625
2023-08-08,11927.825034976722,4499.3798828125
2023-08-09,11848.085080509094,4467.7099609375
2023-08-10,11852.337530764702,4468.830078125
2023-08-11,11845.426485077467,4464.0498046875
2023-08-14,11910.813605910545,4489.72021484375
2023-08-15,11772.066020015123,4437.85986328125
2023-08-16,11685.6803909903,4404.330078125
2023-08-17,11596.63698055572,4370.35986328125
2023-08-18,11602.218728527143,4369.7099609375
2023-08-21,11677.706232739163,4399.77001953125
2023-08-22,11646.075784886527,4387.5498046875
2023-08-23,11775.78691398878,4436.009765625
2023-08-24,11612.585297057994,4376.31005859375
2023-08-25,11694.451476653427,4405.7099609375
2023-08-28,11768.610497171505,4433.31005859375
2023-08-29,11938.723159789524,4497.6298828125
2023-08-30,11987.89659299029,4514.8701171875
2023-08-31,11970.353607642162,4507.66015625
2023-09-01,11992.680599527848,4515.77001953125
2023-09-05,11940.84938491733,4496.830078125
2023-09-06,11860.57706014588,4465.47998046875
2023-09-07,11824.162605755684,4451.14013671875
2023-09-08,11841.97096223385,4457.490234375
2023-09-11,11919.851690747457,4487.4599609375
2023-09-12,11854.463755892508,4461.89990234375
2023-09-13,11868.285847266978,4467.43994140625
2023-09-14,11970.618978772203,4505.10009765625
2023-09-15,11826.393025683014,4450.31982421875
2023-09-18,11833.328492026387,4453.52978515625
2023-09-19,11808.788174672667,4443.9501953125
2023-09-20,11700.226147808346,4402.2001953125
2023-09-21,11506.840599890202,4330.0
2023-09-22,11480.966914711313,4320.06005859375
2023-09-25,11529.246551897402,4337.43994140625
2023-09-26,11359.867322985414,4273.52978515625
2023-09-27,11364.401424808488,4274.509765625
2023-09-28,11430.285913004922,4299.7001953125
2023-09-29,11402.54567567517,4288.0498046875
2023-10-02,11398.010759830224,4288.39013671875
2023-10-03,11245.436198429104,4229.4501953125
2023-10-04,11327.325170636934,4263.75
2023-10-05,11323.057253965771,4258.18994140625
2023-10-06,11457.493780030853,4308.5
2023-10-09,11530.846918896355,4335.66015625
2023-10-10,11590.863123422676,4358.240234375
2023-10-11,11638.34257710929,4376.9501953125
2023-10-12,11567.389988742216,4349.60986328125
2023-10-13,11509.774334714324,4327.77978515625
2023-10-16,11630.873926440223,4373.6298828125
2023-10-17,11630.339928092659,4373.2001953125
